x,cos_loss,cos,sin_loss,sin,tan_loss,tan
0.0,0.0,1.0,0.0,0.0,0.0,0.0
0.0017453294,0.026515914201557522,0.9734825627116848,0.2270159010511333,0.0017453283919057017,0.0,0.001745331050196312
0.0034906587,0.05164645365208187,0.9483474540055269,0.31374286895775566,0.0034906514672382806,4.336808689942018e-19,0.0034906727336117497
0.005235988,0.07840995973964016,0.9215763325066972,0.38296123245156677,0.005235964039476189,0.0,0.005236035813765292
0.0069813174,0.10168127791727033,0.8982943527873982,0.43241293135555986,0.006981260401988747,0.0,0.00698143053453128
0.008726646,0.12287899910638611,0.8770829239577852,0.47161245365580867,0.008726535498373935,0.0,0.00872686779075879
0.010471976,0.14607235112125327,0.8538728182399014,0.510009925301009,0.0104717845323419,1.734723475976807e-18,0.010472358738461748
0.012217305,0.1677770740193868,0.832148295643607,0.5423361654961542,0.012217000627203236,0.0,0.012217912454127199
0.013962635,0.19401405090613988,0.8058884731002594,0.5781051880217416,0.013962180547184452,1.734723475976807e-18,0.013963541657281682
0.015707964,0.21807467753999132,0.7818019549318651,0.6078195084835304,0.015707317935922054,0.0,0.015709255947997332
0.017453292,0.2411279116423749,0.7587197835140164,0.6339647334235312,0.01745240643728351,0.0,0.017455064928217585
0.019198623,0.26987343407669373,0.7299422780369621,0.6643113506421214,0.019197442815731897,3.469446951953614e-18,0.01920098132399583
0.020943953,0.3035842871737481,0.6961963962836684,0.6969089411984823,0.020942420715412278,0.0,0.020947014742262998
0.022689281,0.3404194767059987,0.6593231325883777,0.7291723640817435,0.022687334820816803,0.0,0.022693175833357393
0.02443461,0.3753268292986227,0.6243746604927272,0.756692833599294,0.024432177736658445,0.0,0.024439473168893392
0.02617994,0.41215466338740114,0.5875026615881561,0.7830452848437084,0.02617694830787315,3.469446951953614e-18,0.026185921569186924
0.02792527,0.45345545712899293,0.5461546578997427,0.8097627224516497,0.027921639139525563,3.469446951953614e-18,0.027932529613031082
0.029670598,0.4907345338041641,0.5088253262905306,0.8312035404311475,0.029666244916982294,0.0,0.02967930796477944
0.03141593,0.5228844331120561,0.4766221272144636,0.8476975082335614,0.031410760325869064,0.0,0.0314262672929408
0.033161256,0.5531623832083941,0.4462878327471595,0.861734295840663,0.03315517797263613,0.0,0.03317341618755583
0.034906585,0.5831567301207339,0.41623409689836194,0.8743579897001159,0.03489949670250097,0.0,0.03492076949174773
0.036651917,0.6120450759979001,0.3872833176892673,0.8853170427568355,0.03664371120159299,0.0,0.03666833788880018
0.038397245,0.6389756106617575,0.36028730571691586,0.8944535792458335,0.038387809919144346,0.0,0.038416125816278346
0.040142573,0.664184920571425,0.3350094745764201,0.9020829672282185,0.04013179170099235,6.938893903907228e-18,0.04016414813361145
0.041887905,0.687771797639097,0.31135103239006034,0.9084193170398416,0.041875655392215286,0.0,0.04191241970818866
0.043633234,0.709979563500746,0.28906865808111176,0.9136889803590797,0.043619387365336,0.0,0.04366094290851206
0.045378562,0.7283425332342408,0.2706280364432156,0.9173210000458617,0.04536299062339711,0.0,0.04540973678338065
0.047123894,0.7439447755932223,0.25494509932954385,0.9198490781127339,0.04710645154095661,0.0,0.04715880371156918
0.04886922,0.7590985095529533,0.23970762782913535,0.9219953541940721,0.048849768964368996,0.0,0.048908158586616436
0.050614554,0.7723708673080113,0.22634848979196423,0.9234534437934269,0.050592941739057394,6.938893903907228e-18,0.05065781631184791
0.05235988,0.7842030134262208,0.21442652132835302,0.9244041662825012,0.05233595624294383,6.938893903907228e-18,0.0524077792830412
0.054105215,0.795195640045913,0.20334103014527932,0.9250291588842656,0.0540788154778353,6.938893903907228e-18,0.054158066591065396
0.05585054,0.8052862413657407,0.19315452276978348,0.9253468438150276,0.05582150582410399,0.0,0.05590868064409979
0.057595868,0.8147617594610419,0.18358005720089346,0.9254407361171896,0.05756402612870944,0.0,0.0576596363770287
0.059341196,0.8230826217648323,0.17515720606021903,0.9252341029375535,0.059306375237507536,0.0,0.05941094873636058
0.061086528,0.8308857553570604,0.1672490430648065,0.92486614115202,0.06104853953485687,6.938893903907228e-18,0.06116262015048431
0.06283186,0.838250019728888,0.15977670854261364,0.9243626593075569,0.0627905220211002,1.3877787807814457e-17,0.06291466976024591
0.064577185,0.8450199640677065,0.15289565415076622,0.9237100290815303,0.06453230908346111,1.3877787807814457e-17,0.0646671000085832
0.06632251,0.8513365387693996,0.14646492957780602,0.922941963831197,0.066273899569592,0.0,0.06641992587901327
0.06806784,0.8573159786053334,0.1403683001170621,0.9220840664872987,0.06801529232586938,1.3877787807814457e-17,0.06817316236852776
0.06981317,0.8629830388397315,0.13458101142009266,0.9211461205430956,0.0697564737441253,0.0,0.06992681194351041
0.071558505,0.8683601859693861,0.1290805970805636,0.9201366629619243,0.07149744267246999,0.0,0.07168088962018064
0.07330383,0.873467824194709,0.1238466526640395,0.9190631667435248,0.07323820210764877,0.0,0.07343541461297932
0.07504916,0.8783244413723692,0.11886069190314598,0.9179322104325028,0.0749787301459085,0.0,0.0751903810475205
0.07679449,0.8829469539953471,0.11410579810387622,0.9167495740653272,0.0767190297863887,0.0,0.0769458081579558
0.07853982,0.8872663819308225,0.10965095180230548,0.915511059140423,0.07845909572784494,1.3877787807814457e-17,0.07870170682461845
0.08028515,0.8911319422769459,0.10564693631279039,0.9142047804849254,0.08019892266974472,1.3877787807814457e-17,0.08045808793943532
0.08203048,0.8947668949152305,0.10187049149365215,0.9128591557526966,0.08193851360667699,1.3877787807814457e-17,0.08221497078483138
0.08377581,0.8982375041749758,0.09825535479596907,0.911483389157912,0.08367784664959176,1.3877787807814457e-17,0.08397234952190619
0.08552114,0.9016208877011542,0.09472440834757774,0.9100866093331759,0.08541692479575998,0.0,0.08573024345525908
0.08726647,0.9048488204438482,0.09134587764789741,0.9086634831345978,0.08715574274765817,1.3877787807814457e-17,0.087488663525924
0.089011796,0.9079169316281702,0.08812413393056169,0.9072152053078227,0.08889429520855538,1.3877787807814457e-17,0.08924762068789792
0.090757124,0.9108552638505075,0.08502913431289562,0.9057458802319235,0.09063258517065624,0.0,0.0910071342997236
0.09250246,0.9136710469900886,0.08205365088699637,0.9042573229437865,0.09237059076128068,1.3877787807814457e-17,0.09276719856223066
0.09424779,0.9163710156200762,0.07919094882636284,0.9027511503573898,0.094108314975603,0.0,0.09452783285863067
0.09599312,0.9186949233712892,0.07670127499588959,0.901208365576685,0.09584575252022398,1.3877787807814457e-17,0.0962890481975386
0.09773844,0.9208553671735346,0.07437203297072108,0.8996476673694812,0.09758289810261767,0.0,0.09805085560191901
0.09948377,0.922792435134071,0.07226313433120937,0.8980658474579324,0.09931975471237639,1.3877787807814457e-17,0.099813274514657
0.10122911,0.9245029109718356,0.07037779752054106,0.8964641081265206,0.10105630049485582,0.0,0.10157629918062702
0.10297442,0.925749162168214,0.06895365477786448,0.8948273257803241,0.10279253844290545,1.3877787807814457e-17,0.10333994906991169
0.10471976,0.9269470721771951,0.06757482319107817,0.8931857459479388,0.10452846326765346,0.0,0.10510423526567646
0.10646509,0.9280963868259267,0.06624155748415193,0.8915395462984727,0.10626406968118188,0.0,0.10686916886684154
0.10821043,0.9291982961379618,0.06495266729506663,0.8898889852940016,0.10799936067024316,0.0,0.10863476940896069
0.10995574,0.930254958865947,0.0637059962239325,0.8882343955530376,0.10973431439989295,0.0,0.11040103118534486
0.11170108,0.9312684113153995,0.06249950765965953,0.8865760608879552,0.11146893386042801,1.3877787807814457e-17,0.11216797376131196
0.11344641,0.9322405569129519,0.061331298763635536,0.8849142501570392,0.11320321376790672,0.0,0.1139356083016455
0.115191735,0.9331731813798992,0.06019958441180729,0.8832492115345546,0.11493714883942178,1.3877787807814457e-17,0.11570394598831005
0.11693706,0.9340661402711355,0.05910450868476366,0.8815810583670322,0.11667074205865834,0.0,0.1174730064579657
0.11868239,0.9349228657668609,0.05804264194551501,0.879910133124538,0.11840397161203481,0.0,0.11924278405683746
0.12042773,0.9357546742667328,0.05700266746274795,0.8782371855683639,0.12013684048706753,1.3877787807814457e-17,0.1210132984539579
0.122173056,0.9365651367964878,0.05598101484483422,0.876562490010105,0.12186934340514748,0.0,0.1227845609029046
0.12391838,0.937343029519732,0.05498890857148827,0.8748854902413219,0.12360147508878033,1.3877787807814457e-17,0.12455658267588506
0.12566371,0.938089615283531,0.054025085405104575,0.8732063401398812,0.12533323851835662,0.0,0.12632938351922587
0.12740904,0.9388060761116515,0.0530883660553863,0.8715252064853773,0.12706461190331886,0.0,0.12810295783663725
0.12915437,0.9394935393684094,0.0521776228003039,0.8698422218442017,0.12879559822817532,0.0,0.12987732540947206
0.1308997,0.9401530677998031,0.05129179357400725,0.8681575174257808,0.13052619222005157,0.0,0.13165249758739583
0.13264503,0.9407856672378809,0.05042987323379836,0.8664712158403224,0.1322563886072683,2.7755575615628914e-17,0.13342848574017802
0.13439037,0.9413922931830152,0.04959090586277084,0.8647834237364329,0.13398619036669435,0.0,0.1352053097325052
0.13613568,0.9419738428164491,0.04877399720320401,0.8630942646259689,0.13571557573245577,0.0,0.1369829640302457
0.13788101,0.9425311755424668,0.04797828746706892,0.8614038311644018,0.13744454768582556,0.0,0.13876146853581586
0.13962634,0.9430651042500846,0.04720296449148578,0.8597122178544697,0.13917310096006544,2.7755575615628914e-17,0.14054083470239143
0.14137168,0.9435764033818601,0.04644725339659078,0.8580195054000592,0.14090123852906386,0.0,0.1423210824957034
0.14311701,0.9440657995351867,0.04571043184740712,0.8563258015068849,0.1426289304105947,0.0,0.14410219793958876
0.14486234,0.9445339998409426,0.044991788747472075,0.8546311524544186,0.14435620429505644,2.7755575615628914e-17,0.145884226525298
0.14660767,0.9449816635422008,0.044290667961877486,0.8529356484358936,0.14608303844213003,0.0,0.147667162812516
0.148353,0.9454094188959874,0.0436064444659294,0.8512393754674402,0.14780941112961063,0.0,0.1494510013491278
0.15009832,0.9458178764055267,0.04293850364588732,0.8495423671227446,0.14953535002675333,2.7755575615628914e-17,0.1512357877468034
0.15184364,0.9461980070808761,0.04229588023134739,0.8478443119039786,0.15126081695657112,0.0,0.15302149957432587
0.15358898,0.9465544754434975,0.041673905493772874,0.8461454258767871,0.15298583957380227,0.0,0.15480818252629533
0.15533431,0.9468936577893102,0.04106620643500876,0.8444460313711897,0.15471039616607912,0.0,0.156595831236067
0.15707964,0.9472160367575877,0.04047230383755012,0.8427461956123266,0.15643446504023087,0.0,0.15838444032453627
0.15882498,0.9475220824793534,0.03989172321855689,0.8410459345794311,0.15815807382858862,2.7755575615628914e-17,0.16017405561470907
0.1605703,0.9478122326379486,0.03932403296727609,0.8393453266673279,0.15988118440570626,0.0,0.16196465470517513
0.16231564,0.9480869169536293,0.038768798915206674,0.8376443831308134,0.16160382438855583,0.0,0.16375628350723842
0.16406097,0.948346538476702,0.0382256214991548,0.835943161753461,0.16332597209437447,2.7755575615628914e-17,0.1655489367329921
0.16580628,0.9485914835122888,0.037694118024942644,0.8342417183424391,0.16504760586067763,2.7755575615628914e-17,0.1673426090814195
0.16755162,0.9488221288967489,0.03717390706342588,0.8325400581652432,0.16676875328076798,0.0,0.16913734660035074
0.16929695,0.9490388268436644,0.03666464280608221,0.8308382496568696,0.16848937628364366,0.0,0.1709331269205267
0.17104228,0.9492419233611675,0.03616597455570344,0.8291362947051271,0.1702095024464075,0.0,0.17272999618353616
0.1727876,0.9494317442071929,0.03567758023055008,0.8274342423568578,0.17192911011755263,0.0,0.17452794918541878
0.17453294,0.9496086023686593,0.03519915064354875,0.8257321402270998,0.17364817766693033,0.0,0.17632698070846498
0.17627826,0.949772803218412,0.03473037558845003,0.824029985884764,0.1753667326467135,0.0,0.1781271370390533
0.17802359,0.9499246336368425,0.0342709749219059,0.8223278405631728,0.17708473704324398,2.7755575615628914e-17,0.1799283958425359
0.17976892,0.9500478634295332,0.03383717390878462,0.8206251404803475,0.17880221839165505,0.0,0.18173080350460935
0.18151425,0.95015211487239,0.03341935413817746,0.8189222623038755,0.18051915507334473,2.7755575615628914e-17,0.18353435491061934
0.18325958,0.95024525399147,0.03300965357248466,0.8172195073987898,0.18223552549214747,0.0,0.18533904493153439
0.18500492,0.9503267953305403,0.0326085525942837,0.8155168425860881,0.1839513571570081,0.0,0.187144920106258
0.18675022,0.9503970626997735,0.03221573446191682,0.8138143263996196,0.185666612114507,2.7755575615628914e-17,0.18895195813733665
0.18849558,0.9504569251526572,0.031830324952248155,0.8121119689718865,0.18738131785571113,2.7755575615628914e-17,0.19076020566865687
0.1902409,0.9505065905098115,0.03145212029816355,0.8104098068838134,0.1890954527965697,0.0,0.1925696576803909
0.19198623,0.9505462593240239,0.031080924123640025,0.8087078759946295,0.1908089953765448,0.0,0.19438030913771848
0.19373156,0.9505761259277026,0.030716536782749944,0.8070061627968933,0.19252197305925856,0.0,0.1961922068463132
0.19547687,0.9505963763491192,0.030358779646669092,0.8053047180646952,0.19423434795441996,2.7755575615628914e-17,0.19800532854863132
0.19722222,0.9506071909127461,0.030007466981571643,0.8036035270592407,0.19594614750693617,2.7755575615628914e-17,0.19981972116110625
0.19896755,0.9506087429541202,0.0296624296936265,0.8019026231516446,0.1976573501689513,0.0,0.20163537976442975
0.20071286,0.9506012000778139,0.02932350454301567,0.8002020391620994,0.19936793441719716,2.7755575615628914e-17,0.20345229942369936
0.20245822,0.9505847238103587,0.028990524450228133,0.7985017587464138,0.20107792766788135,2.7755575615628914e-17,0.20527052722588857
0.20420352,0.9505594705688528,0.028663340727982007,0.7968018299420789,0.20278729209672738,0.0,0.207090040956221
0.20594884,0.9505255906503502,0.028341797430577426,0.7951022354735783,0.20449605510039223,2.7755575615628914e-17,0.20891088781832576
0.2076942,0.9504832299351152,0.02802575310733206,0.7934030062671715,0.20620419516885607,0.0,0.21073306299929087
0.20943952,0.9504325297438774,0.02771507098992833,0.7917041728218807,0.20791169081775931,0.0,0.2125565616700221
0.21118486,0.9503736252281844,0.027409610134801768,0.7900057166418377,0.20961856941380747,0.0,0.2143814312136268
0.21293017,0.9503066491449926,0.027109245844593195,0.7883076836566202,0.21132479320161865,0.0,0.21620764946110302
0.2146755,0.9502317275535859,0.02681384617250997,0.7866100546590132,0.21303038952751377,0.0,0.21803526391823616
0.21642086,0.9501489842698216,0.02652329191981588,0.7849128586887569,0.21473533692094673,0.0,0.21986426988458124
0.21816616,0.9500585394531166,0.026237467666816793,0.7832161244490845,0.21643961393810288,2.7755575615628914e-17,0.2216946626429399
0.21991149,0.9499605068424744,0.02595625364389654,0.781519831796638,0.21814324789410142,0.0,0.22352648988770787
0.22165681,0.9498550001267376,0.025679544550976287,0.779824025015091,0.21984620110533049,0.0,0.2253597294988265
0.22340216,0.9497421256148814,0.025407227953157672,0.7781286834131811,0.22154850086569208,2.7755575615628914e-17,0.22719442929952577
0.22514749,0.9496219892385257,0.02513920272312965,0.7764338345569284,0.22325012574574918,0.0,0.22903058470810692
0.22689281,0.9494946939763694,0.024875370808865854,0.7747395057431659,0.224951054343865,0.0,0.23086819112556312
0.22863814,0.9493603360257881,0.024615629744241103,0.7730456755569669,0.22665131392149232,2.7755575615628914e-17,0.23270729657307396
0.23038347,0.9492190135883556,0.024359890044973607,0.7713523869797005,0.22835086686965891,0.0,0.2345478789828634
0.2321288,0.9490708167374677,0.024108055273796072,0.7696596181714763,0.23004974042776954,0.0,0.2363899865112432
0.23387413,0.9489158367951276,0.023860039099836496,0.7679673955333931,0.23174791320912805,0.0,0.23823361470176008
0.23561946,0.9487541626837501,0.023615757713926443,0.7662757452478272,0.2334453638559054,0.0,0.24007875908011603
0.23736478,0.9485858761088032,0.02337512290418972,0.7645846449119721,0.2351421195738118,0.0,0.24192546801012996
0.23911013,0.9484110626040986,0.02313805818197022,0.7628941364632169,0.2368381428313789,0.0,0.24377371947983031
0.24085546,0.9482297987870095,0.02290448032856033,0.7612041971673316,0.23853346081143964,2.7755575615628914e-17,0.24562356199461574
0.24260078,0.9480421639594296,0.022674315219638707,0.7595148524939872,0.24022805217166754,2.7755575615628914e-17,0.24747499123001146
0.24434611,0.9478412759734038,0.022454450302592653,0.757825971445623,0.24192189559966773,2.7755575615628914e-17,0.2493280028431807
0.24609144,0.9476319996391918,0.02224001402358996,0.7561376420563155,0.24361501824333603,0.0,0.2511826455568182
0.24783675,0.9474167097237037,0.022028640988051424,0.7544499573946171,0.24530738265156615,0.0,0.2530388974184717
0.2495821,0.9471954684583751,0.02182026212624667,0.7527628937883352,0.24699901594854914,5.551115123125783e-17,0.2548968072990218
0.25132743,0.9469683423870638,0.021614816257937545,0.7510764757302258,0.24868989683795348,0.0,0.25675637101295257
0.25307274,0.9467353965228134,0.02141224385529443,0.7493907275701053,0.25038000405444144,5.551115123125783e-17,0.25861758435589033
0.25481808,0.9464966874916928,0.021212481312025105,0.7477056253175169,0.2520693646860272,5.551115123125783e-17,0.2604804964260444
0.2565634,0.9462522792794542,0.0210154743411705,0.7460212091670456,0.25375794136481833,0.0,0.2623450853344022
0.25830874,0.9460022250783532,0.02082116267573972,0.744337454940486,0.25544576115429857,0.0,0.2642114003341322
0.26005408,0.9457455613265016,0.020630515426880124,0.7426543654621844,0.25713280280575307,5.551115123125783e-17,0.26607943738592066
0.2617994,0.945483045683284,0.020442780605784278,0.7409719794226566,0.25881904510252074,0.0,0.2679491924311227
0.26354474,0.9452112797712606,0.0202613493735507,0.7392902027197175,0.26050451507067124,0.0,0.26982071496052545
0.26529005,0.9449340619736063,0.020082433371520107,0.7376091521706888,0.2621891754283717,0.0,0.27169398315269516
0.26703537,0.9446515354405177,0.019905882138859746,0.7359288051217323,0.2638730531763376,0.0,0.27356904666032733
0.26878074,0.9443637508025304,0.0197316507795095,0.7342491849119654,0.26555612711508886,0.0,0.275445901597832
0.27052605,0.9440707576842424,0.019559695524380527,0.7325703147776456,0.26723837607825685,5.551115123125783e-17,0.2773245440598384
0.27227136,0.9437725961353362,0.01938996887187989,0.730892169853079,0.26891982702790834,0.0,0.27920502394722285
0.2740167,0.9434693163509409,0.019222430976353518,0.7292147892329639,0.27060044277110956,0.0,0.28108731951050087
0.27576202,0.9431609559621459,0.01905703666073176,0.7275381479434955,0.2722802502437512,0.0,0.2829714808195923
0.27750736,0.9428475601949523,0.018893746618268224,0.7258622689405417,0.27395922829720254,0.0,0.2848575041504462
0.27925268,0.9425291734430822,0.01873252249523667,0.724187175088782,0.27563735581699916,0.0,0.2867453857588079
0.28099802,0.9422058299750954,0.018573322336164728,0.722512841271589,0.2773146596991519,0.0,0.28863517597362615
0.28274336,0.9418775721844911,0.018416109777460568,0.7208392902434774,0.2789911188263131,5.551115123125783e-17,0.2905268711716539
0.2844887,0.9415444385213383,0.018260847847893447,0.7191665287246349,0.2806667280916585,0.0,0.292420485777245
0.28623402,0.9412064730260238,0.01810750339383576,0.7174945952640608,0.28234145045585735,5.551115123125783e-17,0.2943159980943361
0.28797933,0.9408636994795989,0.017956035388594086,0.7158234326962758,0.28401534470392265,0.0,0.29621349496208027
0.28972468,0.9405161601093444,0.01780641245370353,0.7141530794838393,0.285688373785392,0.0,0.29811295482826233
0.29147,0.9401638899209713,0.017658601097906713,0.7124835421434004,0.28736053260389,0.0,0.30001439233089205
0.29321533,0.9398069231238159,0.01751256863521448,0.7108148271450543,0.2890318160656918,0.0,0.30191782216259816
0.29496065,0.9394453000966548,0.017368285896419474,0.7091469727182685,0.29070218722788066,0.0,0.3038232227086968
0.296706,0.9390790397317892,0.017225716231246253,0.7074799216200525,0.29237170472273677,0.0,0.3057306814586604
0.2984513,0.9387081808434417,0.01708483199719656,0.7058137120102985,0.2940403315958809,0.0,0.30764017694792145
0.30019665,0.9383327546874722,0.016945603497280526,0.704148350188089,0.29570806276434747,0.0,0.3095517240925047
0.301942,0.9379527918353527,0.01680800172776552,0.7024838424132394,0.2973748931478995,0.0,0.3114653378655314
0.30368727,0.937568329570202,0.016672000937059374,0.700820226630772,0.29904078590284733,5.551115123125783e-17,0.3133809967389256
0.30543265,0.9371793824875554,0.016537568260671535,0.6991574455627829,0.3007057995042731,0.0,0.3152987888789835
0.30717796,0.9367859865138208,0.016404679265976756,0.697495537098417,0.3023698970966952,0.0,0.31721869291421234
0.3089233,0.9363881696770856,0.016273307528055406,0.6958345073527028,0.30403307361094517,0.0,0.31914072405121124
0.31066862,0.9359859594148535,0.016143427221416106,0.6941743624072945,0.30569532398066024,0.0,0.32106489755624074
0.31241393,0.9355793903872208,0.01601501553856779,0.6925151399506158,0.3073566114641841,0.0,0.32299119199336035
0.31415927,0.9351684733905993,0.015888042904554218,0.6908567827052714,0.3090169943749474,0.0,0.3249196962329063
0.31590462,0.9347532419030912,0.01576248765623912,0.6891993283150126,0.31067643595917305,0.0,0.3268503890021958
0.31764996,0.9343337211631999,0.015638326202461476,0.6875427827379721,0.31233493116187555,5.551115123125783e-17,0.32878328581141103
0.31939527,0.9339099358978291,0.015515535472480909,0.6858871519036993,0.31399247493095234,0.0,0.3307184022330532
0.3211406,0.9334819185407327,0.015394095205324377,0.6842324732661631,0.3156490306295783,0.0,0.3326557169291602
0.32288593,0.9330496765097354,0.015273978696463951,0.682578689578218,0.31730465640509214,0.0,0.33459531950207316
0.32463127,0.9326132412042019,0.015155166681783752,0.6809258382583867,0.31895931560821983,0.0,0.3365371887839818
0.3263766,0.9321726354426637,0.015037638034144846,0.6792739251300316,0.320613003198544,0.0,0.3384813406021339
0.32812193,0.9317278815988589,0.01492137207999634,0.6776229559918482,0.32226571413860705,0.0,0.3404277908488519
0.32986724,0.9312790102147189,0.01480635076943703,0.6759729680809667,0.3239174118992051,0.0,0.3423765182903297
0.33161256,0.9308260256866242,0.014692549912692672,0.6743239042057088,0.32556815445715664,0.0,0.3443276132896652
0.3333579,0.9303689576473979,0.014579952331547975,0.6726758015754057,0.3272179052704819,5.551115123125783e-17,0.34628105479032995
0.33510324,0.9299078268088146,0.014468539049542156,0.6710286658967649,0.3288666593137153,0.0,0.34823685895061957
0.3368486,0.9294426534946315,0.014358291486999755,0.669382502855041,0.33051441156442773,0.0,0.3501950419967638
0.3385939,0.9289734666382978,0.014249193520799695,0.6677373494845309,0.33216112560381855,0.0,0.3521555828056458
0.3403392,0.92849110109146,0.01415039000071838,0.6660930189854575,0.3338068592337709,0.0,0.354118572530698
0.34208456,0.928002561137028,0.014054889416864847,0.6644496491411238,0.33545157602238185,0.0,0.3560839902334507
0.34382987,0.9275101724765042,0.01396036784683877,0.662807278356952,0.33709527095952063,0.0,0.35805185241775817
0.3455752,0.927013951870228,0.01386681031814499,0.6611659121253317,0.33873793903816923,0.0,0.36002217565837613
0.34732053,0.9265139253572956,0.013774203919337265,0.6595255872004421,0.3403795439527032,0.0,0.361994938949786
0.34906587,0.9260100900408144,0.013682530745094118,0.6578862464691009,0.3420201433256687,0.0,0.36397023426620234
0.35081118,0.9255024713201504,0.013591778486505966,0.6562479266744344,0.3436597008380142,5.551115123125783e-17,0.36594804079438026
0.35255653,0.924991084820962,0.013501933340670173,0.6546106332480666,0.34529821149532514,0.0,0.36792837539879925
0.35430187,0.9244759459032398,0.01341298177906624,0.6529743716072929,0.3469356703063757,0.0,0.3699112550179228
0.35604718,0.9239570796003737,0.013324912212276595,0.6513391783347887,0.3485720410814829,0.0,0.3718966587711392
0.3577925,0.9234344809674364,0.013237708280961253,0.6497049964414331,0.3502073812594674,5.551115123125783e-17,0.3738846794848046
0.35953784,0.9229081744684363,0.013151358928009492,0.6480718625026356,0.35184165463689515,0.0,0.37587529647847834
0.36128318,0.9223781744664996,0.013065851656565382,0.6464397818814709,0.3534748562354478,5.551115123125783e-17,0.37786852699291856
0.3630285,0.9218444950910347,0.012981174212176757,0.6448087599281755,0.35510698108007227,0.0,0.3798643883460725
0.3647738,0.9213071605274412,0.012897316168715166,0.6431788330590955,0.3567379930997826,0.0,0.38186285978996565
0.36651915,0.9207661639568313,0.012814262540370424,0.6415499444217727,0.35836794954530027,0.0,0.3838640350354158
0.36826447,0.9202215290559285,0.012732003372736792,0.6399221304285173,0.35999681433156505,5.551115123125783e-17,0.38586789354280177
0.37000984,0.9196732690760298,0.012650527324159964,0.6382953963807857,0.3616245824967347,5.551115123125783e-17,0.387874452945435
0.37175518,0.9191213970622909,0.01256982326778383,0.6366697475684369,0.36325124908230694,0.0,0.3898837309571471
0.37350044,0.9185659364877569,0.012489881804085537,0.6350452202453933,0.36487677813874064,5.551115123125783e-17,0.3918957069707811
0.37524578,0.9180068788106609,0.012410689171363695,0.6334217577071497,0.36650122672429725,0.0,0.39391047561494236
0.37699115,0.9174442470479482,0.01233223638936568,0.6317993962063643,0.36812455887503936,0.0,0.39592801649931014
0.37873647,0.9168780534693548,0.012254513141225373,0.6301781409886515,0.3697467696459778,0.0,0.39794834766667564
0.3804818,0.9163083101623682,0.012177509300952322,0.6285579972890643,0.37136785409553974,5.551115123125783e-17,0.39997148724381837
0.38222712,0.9157350400047055,0.012101216377530862,0.6269390012019669,0.37298777639836533,0.0,0.4019974147730516
0.38397247,0.9151582328633545,0.012025621703432878,0.6253210961810138,0.374606593415912,0.0,0.4040262258351568
0.38571778,0.914577911205627,0.011950717161345721,0.6237043183216984,0.3762242693081031,0.0,0.40605790019808313
0.38746312,0.9139940864326949,0.01187649334604532,0.6220886728186191,0.3778407991471797,0.0,0.40809245633171987
0.38920844,0.9134067697842475,0.011802941022387773,0.620474164856679,0.37945617800887393,0.0,0.4101299127935532
0.39095375,0.9128159836439576,0.011730052505485068,0.6188608303726919,0.3810703701947365,0.0,0.4121702492845264
0.3926991,0.9122217164026831,0.011657816108603584,0.6172486129877821,0.3826834323650898,5.551115123125783e-17,0.4142135623730951
0.39444444,0.9116239900735363,0.011586224480843663,0.6156375486419738,0.3842953288064475,5.551115123125783e-17,0.4162598319949712
0.39618975,0.9110228152874601,0.01151526903013641,0.6140276424828877,0.3859060546086563,5.551115123125783e-17,0.41830907706548703
0.3979351,0.9104182025320149,0.011444941316362145,0.6124188996491748,0.3875156048651284,5.551115123125783e-17,0.4203613165913322
0.3996804,0.9098101737847464,0.011375234371724254,0.6108113559214011,0.3891239440070434,5.551115123125783e-17,0.4224165304417714
0.40142572,0.9091987160614075,0.011306137391032934,0.6092049550967199,0.3907311284892737,0.0,0.4244748162096047
0.40317106,0.9085838510038426,0.011237643705752594,0.6075997329607257,0.39233712272764354,0.0,0.426536154008351
0.40491644,0.9079655885585979,0.011169745450982703,0.6059956946174478,0.3939419218299784,5.551115123125783e-17,0.42860056321789947
0.40666172,0.9073439385446709,0.011102434897905595,0.6043928451625534,0.39554552090774486,0.0,0.430668063313416
0.40840703,0.9067189226100039,0.011035705718149255,0.6027912202210756,0.3971478845244596,0.0,0.4327386343427462
0.4101524,0.9060905264842115,0.010969547900912568,0.6011907637741266,0.3987490689252462,5.551115123125783e-17,0.43481237496093356
0.4118977,0.9054587715101251,0.010903955386629593,0.5995915114533698,0.4003490386579488,5.551115123125783e-17,0.4368892654699339
0.41364306,0.9048236670250439,0.010838920962258714,0.5979934683220818,0.4019477888487451,0.0,0.4389693257341195
0.4153884,0.9041852222526054,0.010774437536923169,0.5963966394356888,0.40354531462752735,0.0,0.44105257571722484
0.41713372,0.9035434585779235,0.010710499353733437,0.5948010602639182,0.4051415806928486,5.551115123125783e-17,0.44313899565653736
0.41887903,0.9028983605230936,0.010647097119507318,0.5932066749792423,0.40673664307580015,0.0,0.4452286853085361
0.42062438,0.9022499491950394,0.010584225319378911,0.5916135190594372,0.4083304664589461,0.0,0.4473216251748652
0.42236972,0.9015982333877953,0.010521877326022278,0.5900215975294112,0.4099230459871867,0.0,0.44941783562516163
0.42411503,0.9009432217939465,0.010460046622030783,0.5884309154066498,0.4115143768092118,5.551115123125783e-17,0.4515173371326894
0.42586035,0.900284935594188,0.010398727962398303,0.5868415080053966,0.4131044237612985,0.0,0.4536201101356749
0.4276057,0.8996233581727918,0.010337912703751348,0.5852533196964347,0.414693242656239,0.0,0.45572625553258467
0.429351,0.8989585104560255,0.010277595819486025,0.5836663858033202,0.4162807983140067,5.551115123125783e-17,0.45783575403666127
0.43109635,0.8982904007527466,0.010217771209738514,0.5820807113145925,0.4178670858985948,0.0,0.45994862654449487
0.43284172,0.8976190372811266,0.010158432873768435,0.5804963012117275,0.4194521005778595,0.0,0.4620648940607525
0.43458697,0.896944441068654,0.010099576026026447,0.5789131906529641,0.42103580732848017,0.0,0.46418453723677555
0.43633232,0.8962665944237592,0.010041192612890716,0.5773313242139679,0.42261826174069944,5.551115123125783e-17,0.46630765815499864
0.43807766,0.8955855181405343,0.009983278046326833,0.5757507370634238,0.4241994287745791,0.0,0.468434237752873
0.43982297,0.8949012200939253,0.009925826702499993,0.5741714341551787,0.42577930361357363,5.551115123125783e-17,0.4705642974765858
0.44156834,0.8942137080777128,0.009868833047144185,0.5725934204363172,0.42735788144507325,5.551115123125783e-17,0.472697858885048
0.44331363,0.8935230030111663,0.00981229270794289,0.5710167309082677,0.4289351273888274,0.0,0.4748349028556105
0.445059,0.892829086182172,0.009756198167688596,0.5694413103578224,0.4305110968082951,0.0,0.4769755326981601
0.4468043,0.8921319782952667,0.009700545233062146,0.5678671937978782,0.4320857548062955,0.0,0.47911972958771054
0.44854966,0.8914316868368503,0.009645328710721351,0.5662943861489925,0.43365909658611057,0.0,0.48126751554369873
0.45029497,0.890728219220589,0.009590543488425397,0.5647228923252118,0.43523111735503184,0.0,0.48341891270314424
0.45204026,0.8900215962971344,0.009536185566229668,0.5631527471701082,0.43680178237853406,0.0,0.48557390218306273
0.45378563,0.8893117983833144,0.00948224791585258,0.5615838956875643,0.4383711467890774,5.551115123125783e-17,0.4877325885658614
0.45553097,0.8885988461316523,0.009428726699891195,0.5600163727335492,0.43993917583489534,0.0,0.48989495327825683
0.45727628,0.8878827466802311,0.00937561711509119,0.5584501831965006,0.44150586473946307,0.0,0.4920610189376591
0.45902163,0.887163507101896,0.009322914431769693,0.5568853319585552,0.44307120873033795,5.551115123125783e-17,0.4942308082841379
0.46076694,0.8864411482135958,0.009270614986154878,0.555321853704181,0.4446351732213657,0.0,0.49640430268884234
0.46251225,0.8857156494055181,0.00921871219650702,0.5537596936600729,0.44619781310980877,0.0,0.49858160805343144
0.4642576,0.8849870313112944,0.009167202546937259,0.5521988865239431,0.4477590937919616,0.0,0.5007627060713039
0.46600294,0.8842553007564568,0.009116081588336369,0.550639437153083,0.44931901051185613,0.0,0.5029476199836938
0.46774825,0.8835204645079666,0.009065344938462309,0.5490813503986556,0.45087755851767924,1.1102230246251565e-16,0.5051363731598064
0.46949357,0.8827825433799116,0.009014989237568664,0.5475246607846058,0.45243470337428154,1.1102230246251565e-16,0.5073289472402531
0.4712389,0.8820415158758229,0.008965008312544936,0.545969313765954,0.45399049973954675,0.0,0.5095254494944288
0.47298422,0.8812974026397113,0.008915398938441474,0.5444153438806669,0.4555449131604658,0.0,0.5117258618982834
0.47472957,0.8805502102164178,0.008866156988252627,0.5428627559556932,0.45709793890198946,1.1102230246251565e-16,0.5139302083439208
0.47647494,0.8797999450981564,0.008817278395859891,0.5413115548119954,0.45864957223329617,0.0,0.5161385128569754
0.47822025,0.8790466281234343,0.008768760076932478,0.5397617748114338,0.4601997788728632,0.0,0.5183507573637628
0.47996554,0.878290236945224,0.008720596232997752,0.5382133616426816,0.4617486132350339,0.0,0.5205670505517462
0.4817109,0.8775307922438191,0.008672783902815687,0.536666349682339,0.4632960410201189,1.1102230246251565e-16,0.5227873746962403
0.4834562,0.8767683003118071,0.008625319252862428,0.5351207437276704,0.46484205751434887,0.0,0.5250117543685288
0.48520157,0.8760027673944689,0.008578198505144206,0.533576548570072,0.4663866580082533,0.0,0.5272402142792447
0.48694688,0.875234214378881,0.0085314188252435,0.5320337984076333,0.46792980837654774,0.0,0.5294727366576262
0.48869222,0.8744626181001511,0.008484974758775821,0.5304924391678509,0.4694715627858908,0.0,0.5317094316614788
0.49043754,0.873687999297802,0.008438863583914475,0.5289525050642219,0.4710118870925249,0.0,0.5339502818833014
0.49218288,0.8729103640376076,0.008393081734990501,0.5274140008648623,0.4725507766043192,0.0,0.5361953126032042
0.49392822,0.872129718342795,0.0083476256970673,0.5258769313321132,0.4740882266335139,0.0,0.5384445492467439
0.4956735,0.8713460831704308,0.008302492862845292,0.5243413304985081,0.4756242032136606,0.0,0.540697974364331
0.49741885,0.8705594345674418,0.008257678094523623,0.5228071445353937,0.4771587602596084,0.0,0.5429556996384368
0.4991642,0.86976979335293,0.008213178887966705,0.5212744074913318,0.478691863786132,0.0,0.5452177079976339
0.5009095,0.8689771653886558,0.008168991922370264,0.5197431241057189,0.48022350912309647,0.0,0.5474840254619215
0.50265485,0.8681815564980988,0.008125113923357371,0.5182132991122508,0.4817536916048091,0.0,0.5497546782031358
0.5044002,0.8673829877273236,0.008081542490341334,0.5166849663760301,0.4832823774262447,0.0,0.5520296491122115
0.5061455,0.8665814343621033,0.008038272777292448,0.5151580723171567,0.48480962024633706,0.0,0.554309051452769
0.5078908,0.8657769173191906,0.007995302478300957,0.5136326508173444,0.48633538624098094,0.0,0.5565928685094792
0.50963616,0.864969442276796,0.007952628496769311,0.512108706587607,0.4878596707623932,0.0,0.558881127074794
0.5113815,0.8641590148786891,0.007910247778649166,0.5105862443333145,0.48938246916730327,1.1102230246251565e-16,0.5611738540997013
0.5131268,0.8633456562768087,0.00786815811177024,0.5090652977501915,0.490903747814684,0.0,0.5634710328361839
0.51487213,0.8625293410204617,0.007826354919437948,0.5075458135118827,0.49242356010346705,0.0,0.5657727781877699
0.5166175,0.8617100901400992,0.007784836076502768,0.5060278253312729,0.4939418723732436,0.0,0.5680790738164658
0.5183628,0.8608879091487897,0.0077435986919702805,0.5045113378912498,0.49545867999893567,0.0,0.5703899473213268
0.52010816,0.8600628035286156,0.007702639913899719,0.5029963558691002,0.49697397836004914,0.0,0.5727054264669746
0.52185345,0.8592347945523908,0.007661957702094775,0.5014829127891636,0.4984877339821161,0.0,0.5750254948882083
0.5235988,0.8584038560555611,0.0076215477288775705,0.4999709555833192,0.49999999999999994,1.1102230246251565e-16,0.5773502691896256
0.52534413,0.8575700091965376,0.007581408034157135,0.49846051779358513,0.5015107429195513,0.0,0.5796797334330925
0.5270895,0.8567332593398285,0.0075415359157603775,0.49695160407491157,0.5030199581387502,1.1102230246251565e-16,0.5820139160601044
0.52883476,0.8558936118220741,0.0075019287074098145,0.49544421907667857,0.50452764106023,0.0,0.584352845685101
0.5305801,0.8550510880502937,0.007462584526087315,0.49393839614977864,0.5060337583786317,0.0,0.5866965063487956
0.53232545,0.8542056611668312,0.00742349927469466,0.4924340824889286,0.5075383629607041,0.0,0.589045016420551
0.53407073,0.8533573524707363,0.00738467114405911,0.490931311463193,0.5090414214811079,0.0,0.5913983603859886
0.53581613,0.8525061671929205,0.00734609760566273,0.4894300876997133,0.5105429293612312,1.1102230246251565e-16,0.5937565675666665
0.5375615,0.8516521105392397,0.007307776164029766,0.48793041582008,0.5120428820271857,1.1102230246251565e-16,0.5961196674648355
0.53930676,0.8507952040627726,0.007269705079979585,0.4864323289996364,0.5135412463452574,0.0,0.5984876445516338
0.5410521,0.849935420231879,0.007231880470233331,0.48493577470045657,0.5150380749100542,1.1102230246251565e-16,0.6008606190275603
0.54279745,0.8490727804975157,0.007194300663783754,0.4834407861165252,0.5165333345675849,0.0,0.6032385758273507
0.54454273,0.8482072899705175,0.007156963292042144,0.48194736784725234,0.5180270207629942,0.0,0.6056215451921422
0.5462881,0.8473389537392106,0.00711986601687342,0.48045552448650597,0.5195191289462207,1.1102230246251565e-16,0.6080095575519062
0.5480334,0.8464677935132677,0.007083007230891145,0.4789652890319417,0.5210096261577181,1.1102230246251565e-16,0.6104025978342256
0.54977876,0.845593781104714,0.00704638324937829,0.47747660921743584,0.5224985647159488,1.1102230246251565e-16,0.6128007881399319
0.55152404,0.8447169381264324,0.00700999252796798,0.475989518059735,0.5239859116407941,0.0,0.6152041138797905
0.5532694,0.8438372695814171,0.006973832845555744,0.4745040201305486,0.5254716624015029,1.1102230246251565e-16,0.6176126062560465
0.5550147,0.8429547804524616,0.006937902009140876,0.47302011999604676,0.526955812472186,0.0,0.6200262966683366
0.55676,0.8420694926151915,0.0069021985322410976,0.4715378504740275,0.5284383290699761,0.0,0.6224451705283156
0.55850536,0.8411813772416445,0.0068667189147813695,0.4700571595745493,0.5299192642332049,0.0,0.6248693519093275
0.5602507,0.8402904390958915,0.006831461058244625,0.4685780519392361,0.5313986133584145,0.0,0.6272988731158115
0.56199604,0.8393967341430788,0.006796424888808296,0.4671006166991801,0.5328762873384735,0.0,0.6297336271875877
0.5637413,0.8385002333387268,0.006761606998461213,0.46562480193962696,0.5343523381344841,0.0,0.6321737391118032
0.5654867,0.837600907194014,0.006727004038070027,0.4641505559875464,0.5358268174648092,0.0,0.6346193349014186
0.567232,0.8366988291734734,0.0066926166394123835,0.462677995843649,0.5372996083468238,1.1102230246251565e-16,0.6370702608074931
0.5689774,0.8357939352892184,0.006658440195427554,0.46120701368072015,0.5387708186606592,1.1102230246251565e-16,0.6395267368683187
0.5707227,0.8348861401381074,0.0066246346134637415,0.45973772518431977,0.5402403316830487,0.0,0.6419886089308093
0.57246804,0.833973829656016,0.006592781052949306,0.45827006829292216,0.5417081990899184,0.0,0.6444560040673296
0.5742134,0.8330587289050556,0.006561121163746794,0.4568040033017877,0.5431744723110999,0.0,0.6469290504108374
0.57595867,0.8321409123668946,0.006529655578529464,0.4553396465567481,0.5446390350150271,1.1102230246251565e-16,0.6494075931975105
0.577704,0.8312203146695921,0.006498380135483522,0.4538768908257652,0.546101994479127,1.1102230246251565e-16,0.6518918556618778
0.57944936,0.8302970106867437,0.006467295480972535,0.45241585219115943,0.547563234634741,1.1102230246251565e-16,0.6543816826299836
0.58119464,0.8293709699792533,0.006436398699697955,0.45095647930267446,0.5490228068686834,0.0,0.656877203339868
0.58294,0.8284421616774831,0.006405686925734283,0.4494987210586999,0.5504807623183389,0.0,0.6593785481262812
0.5846853,0.827510661242594,0.00637516082457423,0.4480426931436897,0.5519369853120581,0.0,0.6618855611956914
0.58643067,0.8265764021938786,0.006344816409657536,0.4465882889333894,0.5533915825163952,1.1102230246251565e-16,0.6643984690943564
0.588176,0.8256394603839481,0.006314654358333951,0.4451356238452744,0.5548444385261384,1.1102230246251565e-16,0.6669171156128183
0.5899213,0.8246998047903896,0.006284671891462874,0.4436846468195247,0.5562956044350772,0.0,0.6694416322388876
0.59166664,0.8237574039651993,0.006254866276517233,0.442235307048344,0.5577451310842542,0.0,0.6719721515946112
0.593412,0.8228123343476708,0.006225238207370993,0.44078771954615015,0.5591929034707469,1.1102230246251565e-16,0.6745085168424267
0.5951573,0.8218645283643636,0.006195783862050826,0.43934177830484933,0.5606390276421122,1.1102230246251565e-16,0.6770509579606782
0.5969026,0.8209140628453202,0.006166503944648538,0.43789759806842743,0.5620833888653746,0.0,0.6795993176903062
0.59864795,0.8199609061961909,0.0061373958033760995,0.43645512807160947,0.5635260379374073,1.1102230246251565e-16,0.6821537298568405
0.6003933,0.8190050264018198,0.006108456830493632,0.4350143178044976,0.5649670253990393,1.1102230246251565e-16,0.6847143294590556
0.6021386,0.8180465008777255,0.006079687744290188,0.43357528160285075,0.5664062369248328,1.1102230246251565e-16,0.6872809586016132
0.603884,0.81708526097301,0.006051084877540739,0.43213791408303937,0.567843777935272,0.0,0.6898538508204449
0.60562927,0.8161213844930383,0.006022648957283808,0.4307023293069515,0.5692795343783542,0.0,0.6924328477933944
0.60737455,0.8151548392822336,0.005994377450981146,0.42926847680792257,0.5707135567501684,1.1102230246251565e-16,0.6950180857757414
0.60911995,0.8141855927688405,0.005966267867765144,0.4278363063779931,0.5721458952874816,0.0,0.6976097022365826
0.6108653,0.813213723342204,0.005938320946787831,0.426405931665677,0.573576436351046,0.0,0.7002075382097097
0.61261064,0.8122391612885628,0.005910533166485786,0.4249772479200442,0.5750052847262455,0.0,0.7028118309195773
0.6143559,0.8112619853860203,0.005882905273447454,0.4235503685123144,0.5764323270507357,1.1102230246251565e-16,0.7054224209681251
0.61610126,0.810282162927875,0.0058554348469247045,0.422125243278456,0.577857613515976,1.1102230246251565e-16,0.7080394471367396
0.6178466,0.8092996607957346,0.005828119505628572,0.42070182231644726,0.5792811940508449,0.0,0.7106630494628428
0.6195919,0.8083145583499188,0.005800960006400407,0.4192802185790101,0.5807029557109398,1.1102230246251565e-16,0.7132930678970054
0.62133723,0.8073267848277927,0.005773952964925593,0.4178603279560813,0.5821230026385635,0.0,0.7159297434888845
0.6230826,0.8063364199771784,0.005747099144306513,0.41644226311968113,0.5835412221696638,1.1102230246251565e-16,0.7185729157524843
0.62482786,0.8053434305498026,0.00572039622870653,0.41502597421239495,0.5849576641872474,0.0,0.7212227260962429
0.62657326,0.8043477828900677,0.005693841939687612,0.41361141164209714,0.5863723783085029,1.1102230246251565e-16,0.7238793172285924
0.62831855,0.8033495573260105,0.005667437048936864,0.41219868765721246,0.5877852522924731,1.1102230246251565e-16,0.7265425280053609
0.63006395,0.8023486820595552,0.005641178301602535,0.4107876987966458,0.5891963896304498,0.0,0.7292126034441684
0.63180923,0.801345237804831,0.00561506647458067,0.4093785570247298,0.5906056783652518,1.1102230246251565e-16,0.7318893819599253
0.6335545,0.8003391907810558,0.005589099350592235,0.40797121279461057,0.5920131680676353,1.1102230246251565e-16,0.7345730076939354
0.6352999,0.7993305068043727,0.0055632747478402515,0.40656561682798054,0.5934189080393196,0.0,0.7372636261332887
0.6370452,0.7983192671669065,0.005537593450310795,0.4051618806605042,0.5948227867513413,0.0,0.7399610750284876
0.63879055,0.7973053990480761,0.005512052325394494,0.40375990148809127,0.5962249070360993,0.0,0.7426656035143107
0.6405359,0.7962889841245494,0.00548665216134435,0.40235979055894255,0.5976251576518095,0.0,0.7453770488963958
0.6422812,0.7952699880916487,0.0054613908335663245,0.40096149864067254,0.5990235878532026,1.1102230246251565e-16,0.7480955581598969
0.6440265,0.7942483762457709,0.005436266251161562,0.3995649767726749,0.6004202466227744,0.0,0.7508212796834817
0.64577186,0.7932242308391563,0.005411279208136546,0.39817033576943694,0.6018150231520483,0.0,0.7535540501027942
0.6475172,0.7921974780412109,0.005386426687416431,0.3967774734918462,0.6032080196066992,1.1102230246251565e-16,0.756294122825782
0.64926255,0.7911682004870394,0.005361709486432571,0.3953865004635725,0.6045991254688122,0.0,0.7590413340397325
0.6510078,0.7901363633562796,0.005337125567839839,0.3939973677705704,0.6059883896733409,1.1102230246251565e-16,0.7617958336901237
0.6527532,0.7891019314337012,0.005312672926319491,0.3926100267737823,0.6073758608798275,0.0,0.7645577731657245
0.6544985,0.7880649879273751,0.005288352363860013,0.39122458755814893,0.6087614290087207,0.0,0.7673269879789604
0.65624386,0.787025458008782,0.005264160972685189,0.3898409486574441,0.6101451955511913,0.0,0.7701037359741848
0.65798914,0.7859834252670626,0.005240099557452413,0.3884592198624558,0.6115270507216097,0.0,0.7728878522124831
0.6597345,0.7849388543740116,0.005216166163029855,0.38707935258131554,0.612907043131426,0.0,0.7756794897219712
0.66147983,0.7838917096105361,0.005192358864749845,0.3857012985003262,0.6142852211135232,1.1102230246251565e-16,0.7784788030259954
0.6632251,0.7828420751359672,0.005168678470754911,0.3843251669665606,0.6156614753256582,1.1102230246251565e-16,0.7812856265067172
0.66497046,0.7817898751355806,0.005145122176767107,0.38295085719452504,0.6170359065767691,1.1102230246251565e-16,0.7841002226157915
0.6667158,0.7807351941478757,0.005121690792920264,0.3815784782338253,0.6184084058218716,1.1102230246251565e-16,0.7869224252816218
0.6684611,0.7796779963443147,0.005098382441625171,0.38020798181856996,0.6197790213452107,1.1102230246251565e-16,0.7897523907434849
0.6702065,0.7786182455093811,0.005075195274292439,0.3788393199642016,0.6211478011493294,0.0,0.7925902767901151
0.6719518,0.7775560267488318,0.005052130103582103,0.37747260127165316,0.6225146366376196,0.0,0.7954359166678285
0.6736972,0.7764912632731326,0.005029184223307588,0.37610772564394856,0.6238796279291093,1.1102230246251565e-16,0.7982895776146038
0.67544246,0.7754240405652016,0.005006358447518489,0.37474480138125876,0.6252426667277645,1.1102230246251565e-16,0.8011510924212137
0.6771878,0.7743543223033851,0.004983650971823512,0.3733837805474387,0.6266038009869477,0.0,0.8040206206732265
0.67893314,0.7732820717828861,0.004961060019466812,0.3720246154908148,0.6279630783752064,0.0,0.8068983235623176
0.6806784,0.7722073750508093,0.0049385864061616165,0.37066741405795933,0.6293203910498374,0.0,0.809784033195007
0.6824238,0.7711301543539039,0.004916227518772419,0.36931207684813694,0.6306758384323347,0.0,0.8126780217832493
0.6841691,0.7700504961143391,0.004893984173861273,0.3679587114038846,0.6320293129838608,0.0,0.8155801209769381
0.6859144,0.7689683635242793,0.004871854636203244,0.366607270122538,0.6333808623232444,0.0,0.8184904938501025
0.68765974,0.7678837193965313,0.0048498371969233,0.3652577056890194,0.6347305337814072,0.0,0.8214093051420922
0.6894051,0.7667966507142382,0.004827932673481835,0.3639101251873721,0.636078220277764,0.0,0.8243363858174957
0.6911504,0.7657070787712635,0.004806138541083632,0.36256442992076343,0.6374240205287025,0.0,0.827272013259062
0.69289577,0.7646150909236344,0.0047844556175525976,0.36122072666594884,0.6387678277607725,1.1102230246251565e-16,0.8302160179744509
0.69464105,0.7635206498840252,0.004762882233074334,0.35987896815744835,0.6401096892546414,0.0,0.8331685666758216
0.6963864,0.7624237179894835,0.004741416742978839,0.3585391074204579,0.6414496520000015,1.1102230246251565e-16,0.8361298278025862
0.69813174,0.7613243831536771,0.004720059965300923,0.35720125076837805,0.6427876096865393,0.0,0.8390996311772799
0.6998771,0.7602225657281682,0.004698809459188251,0.3558653002158785,0.6441236603180197,0.0,0.8420782595600116
0.70162237,0.7591183539972476,0.004677666042605517,0.35453136176584166,0.6454576978945098,0.0,0.8450655423169543
0.7033677,0.7580117102005638,0.004656628107651315,0.35319938849364096,0.6467897693549164,1.1102230246251565e-16,0.8480616499560665
0.70511305,0.7569025962058268,0.004635694070432687,0.3518693337683938,0.6481199213441226,0.0,0.8510667547773695
0.70685834,0.7557911008515137,0.0046148647485172905,0.35054130312479703,0.6494480483301837,0.0,0.8540806854634666
0.70860374,0.7546771435572587,0.004594137780872955,0.34921519929656364,0.6507742475967775,0.0,0.8571037303687555
0.710349,0.7535608135298252,0.004573513984611465,0.347891127504664,0.6520984139255614,1.1102230246251565e-16,0.860135717721005
0.71209437,0.7524420725421,0.00455299181047798,0.3465690411689647,0.6534205939101064,0.0,0.8631768219901752
0.7138397,0.7513208819986742,0.0045325697321626284,0.34524889400611813,0.6547408338469349,0.0,0.8662272195061582
0.715585,0.7501973316569412,0.004512248565830767,0.34393079076411426,0.6560590289905072,0.0,0.8692867378162265
0.7173304,0.7490713400147782,0.004492026026416483,0.3426146349031872,0.6573752758970058,0.0,0.8723556710970335
0.7190757,0.7479429971954579,0.0044719029292856795,0.3413005308544145,0.658689470137691,1.1102230246251565e-16,0.8754338464436128
0.72082096,0.7468122645111789,0.004451877780785992,0.33998843238576215,0.6600016579572496,1.1102230246251565e-16,0.878521442463245
0.72256637,0.7456791029094545,0.004431949109204479,0.3386782935650017,0.6613118853003177,1.1102230246251565e-16,0.8816186396942564
0.72431165,0.7445436030605275,0.00441211772847458,0.33737021834546765,0.6626200482157375,1.1102230246251565e-16,0.8847252645559439
0.726057,0.7434056825505141,0.00439238142588028,0.33606411092133404,0.6639262425248428,1.1102230246251565e-16,0.8878416172869376
0.72780234,0.7422654324130631,0.004372741014250223,0.33476007492586024,0.6652303645964496,0.0,0.8909675238580753
0.7295476,0.7411228135055941,0.004353195052684817,0.333458064478688,0.666532460322839,0.0,0.8941031671990174
0.73129296,0.7399777863244164,0.0043337421212806815,0.33215803400225863,0.6678325752932619,0.0,0.8972487322450295
0.7330383,0.7388304424463948,0.004314383030999393,0.33086008664736266,0.6691306063588582,0.0,0.9004040442978399
0.7347837,0.7376806985557209,0.0042951156380835595,0.3295641273494698,0.6704266485988164,0.0,0.9035694099103081
0.73652893,0.7365286465901331,0.0042759407521163065,0.32827025893615536,0.6717205991873999,2.220446049250313e-16,0.906744653940793
0.7382743,0.735374246958024,0.004256856982289403,0.3269784358822808,0.6730125036609894,1.1102230246251565e-16,0.9099299638368102
0.7400197,0.7342174597102225,0.004237862957902293,0.3256886129684783,0.6743024072499785,1.1102230246251565e-16,0.913125529129705
0.7417649,0.7330583773238397,0.004218959486284391,0.3244008925351626,0.6755902076156602,0.0,0.9163311740174234
0.74351037,0.731896915590836,0.004200144489451661,0.3231151802663951,0.6768759990878369,2.220446049250313e-16,0.9195472116326733
0.7452556,0.7307331673466023,0.0041814187731153115,0.32183157817625896,0.6781596796540502,0.0,0.922773465736572
0.7470009,0.7295670925561164,0.004162780994068061,0.3205500410983494,0.6794412944913123,0.0,0.9260101285011137
0.74874634,0.7283986508303215,0.004144229828363728,0.3192705241749786,0.680720888467715,0.0,0.9292573942642468
0.75049156,0.7272279355400486,0.004125766079121945,0.31799312892841314,0.6819983600624985,0.0,0.9325150861376615
0.75223696,0.726054861594595,0.004107387731134828,0.3167177617985404,0.683273802848895,1.1102230246251565e-16,0.9357835241138062
0.7539823,0.7248795227204281,0.004089095585687184,0.31544452397820444,0.6845471156354931,1.1102230246251565e-16,0.9390625308756868
0.7557275,0.7237018784445995,0.0040708883448345515,0.3141733706632165,0.6858183432364957,0.0,0.9423523035383419
0.75747293,0.7225218879436277,0.004052764729100807,0.31290425736102623,0.6870875301542766,1.1102230246251565e-16,0.9456530414690394
0.7592183,0.721339645475412,0.004034725536875733,0.3116372847680411,0.6883545756937539,1.1102230246251565e-16,0.9489645667148795
0.7609636,0.7201550650760365,0.00401676881291126,0.3103723600871474,0.6896195726644642,1.1102230246251565e-16,0.9522872064231895
0.7627089,0.7189682413563377,0.003998895353574687,0.3091095836822625,0.6908824207037482,1.1102230246251565e-16,0.9556207822223072
0.76445425,0.7177791334108111,0.003981103903994855,0.307848911114865,0.6921431642595879,0.0,0.9589654964016808
0.7661996,0.7165876999869051,0.003963393227017369,0.3065902982609696,0.6934018474652496,1.1102230246251565e-16,0.9623215535936844
0.76794493,0.7153940362228041,0.003945764115847146,0.30533384498347416,0.6946583704589973,0.0,0.9656887748070739
0.7696903,0.7141980552907259,0.0039282146725441594,0.30407945925537505,0.695912825279604,1.1102230246251565e-16,0.9690674946554981
0.77143556,0.7129998526790442,0.003910745688123647,0.30282724060403654,0.6971651124008066,1.1102230246251565e-16,0.9724575337408409
0.7731809,0.7117993870549661,0.0038933559487317007,0.30157714496002597,0.6984152759009806,0.0,0.975859099772054
0.77492625,0.71059661674212,0.0038760442575212456,0.300329128571319,0.6996633595409236,0.0,0.9792724028964279
0.7766715,0.7093916377520707,0.0038588114021108296,0.2990832904597148,0.7009092642998509,1.1102230246251565e-16,0.9826972631156901
0.7784169,0.7081843624024273,0.003841655539368199,0.29783953937536944,0.7021530814387628,0.0,0.9861340228386993
0.7801622,0.706974887052148,0.003824577454577409,0.2965979740015303,0.7033947122753713,1.1102230246251565e-16,0.9895825016743749
0.7819075,0.7057631699463234,0.003807575972969592,0.2953585506412435,0.7046342005150887,1.1102230246251565e-16,0.9930429130110084
0.7836529,0.7045491689899204,0.003790649936111269,0.2941212259178104,0.7058715895429116,0.0,0.9965154727756768
0.7853982,0.7033329810608627,0.003773800125684791,0.2928860980044051,0.7071067811865476,1.1102230246251565e-16,1.0
0.78714347,0.7021145641534174,0.003757025389494303,0.2916531234291746,0.7083398189260316,10.0,10.0
0.7888889,0.7008938759237965,0.0037403245912923573,0.29042225904221775,0.7095707459192928,10.0,10.0
0.79063416,0.6996710137663218,0.0037236985090495,0.2891936025039482,0.7107994645067255,10.0,10.0
0.79237944,0.6984459354262484,0.0037071460125143217,0.28796711056881663,0.7120260179417957,10.0,10.0
0.79412484,0.6972185983128452,0.0036906659870057277,0.286742740314913,0.7132504491541816,10.0,10.0
0.7958701,0.695989100334242,0.0036742592066815742,0.28552058888721776,0.7144726609996412,10.0,10.0
0.79761547,0.6947573519601105,0.003657923940870114,0.2843005667701439,0.7156927430036979,10.0,10.0
0.7993608,0.693523451439674,0.0036416609611327443,0.28308277076357,0.7169105983671679,10.0,10.0
0.8011061,0.6922873561071531,0.003625469172450835,0.281867158001774,0.71812626996327,10.0,10.0
0.80285144,0.6910490229642184,0.0036093474947789385,0.2806536859454657,0.7193398003386511,10.0,10.0
0.8045968,0.6898085507695342,0.0035932966957155357,0.27944245087466646,0.7205510932139224,10.0,10.0
0.8063421,0.6885658491672859,0.0035773150923019293,0.2782333640730881,0.721760237314806,10.0,10.0
0.8080874,0.6873210172542993,0.0035614034494488946,0.27702652147271334,0.7229671367099124,10.0,10.0
0.80983275,0.6860740119586831,0.0035455607057809494,0.27582188059093904,0.7241718338889479,10.0,10.0
0.8115781,0.6848247898794274,0.0035297858143266236,0.2746193992743603,0.7253743710122875,10.0,10.0
0.81332344,0.6835734506183737,0.003514079535903042,0.2734191729307177,0.7265746526727284,10.0,10.0
0.81506884,0.6823199030031938,0.0034984402333018854,0.2722211136498084,0.7277727667894341,10.0,10.0
0.81681406,0.6810642469709227,0.0034828686645702674,0.271025316488424,0.7289686183061154,10.0,10.0
0.8185594,0.6798064390484175,0.0034673638004776627,0.26983173935033977,0.7301622493257298,10.0,10.0
0.8203048,0.6785464354368386,0.003451924625659879,0.2686403404712706,0.7313537016191705,10.0,10.0
0.82205003,0.6772843365737535,0.00343655189396136,0.26745121437942054,0.7325428806586852,10.0,10.0
0.8237954,0.6760200504792517,0.003421244012060626,0.2662642739773947,0.7337298735501845,10.0,10.0
0.8255408,0.674753677923084,0.003406001730966242,0.2650796134395642,0.7349145861197175,10.0,10.0
0.827286,0.6734851750356567,0.003390824052180283,0.2638971910593113,0.7360970600802875,10.0,10.0
0.82903147,0.6722144976251029,0.0033757099905573286,0.2627169654646737,0.7372773368101241,10.0,10.0
0.83077675,0.670941746957172,0.00336066029280642,0.2615390302971289,0.7384553226681247,10.0,10.0
0.8325221,0.6696668302532527,0.0033456734077368664,0.2603632992787491,0.7396311039403133,10.0,10.0
0.83426744,0.6683898491082356,0.0033307500791645442,0.25918986569432134,0.7408045873422493,10.0,10.0
0.8360127,0.6671107592608262,0.00331588933799016,0.25801868823003293,0.7419758141938045,10.0,10.0
0.83775806,0.6658295161308787,0.003301090227979478,0.25684972590941557,0.7431448254773941,10.0,10.0
0.8395034,0.6645462218046895,0.003286353488572403,0.2556830714800966,0.744311528445697,10.0,10.0
0.84124875,0.6632607827138003,0.003271677609038709,0.2545186394902107,0.7454760085582789,10.0,10.0
0.84299403,0.6619733012705731,0.0032570633258763738,0.25335652232786476,0.7466381734273133,10.0,10.0
0.8447394,0.660683732826717,0.0032425096981257145,0.2521966790752166,0.7477980639763945,10.0,10.0
0.8464847,0.6593920324185095,0.003228015797228015,0.25103906915443197,0.7489557207890021,10.0,10.0
0.84823,0.6580983029450757,0.0032135823552421907,0.2498837844122329,0.7501110520186589,10.0,10.0
0.8499754,0.6568024500569332,0.003199207900316429,0.24873074022934605,0.7512641422919649,10.0,10.0
0.8517207,0.6555045769761616,0.0031848931615293444,0.24758002809016977,0.7524149001247435,10.0,10.0
0.853466,0.6542046386721373,0.003170637224868517,0.24643160747596682,0.7535633660411946,10.0,10.0
0.8552114,0.652902589802222,0.0031564391882852225,0.2452854382106453,0.754709580222772,10.0,10.0
0.85695666,0.6515985340705713,0.0031422997763635606,0.2441416112330338,0.7558534517308367,10.0,10.0
0.858702,0.6502923763554737,0.0031282175546328574,0.2430000427629172,0.756995064352578,10.0,10.0
0.86044735,0.6489842206808931,0.0031141932446682808,0.24186082337402381,0.7581343275144367,10.0,10.0
0.86219263,0.6476740216384963,0.0031002259582811353,0.24072391294982476,0.7592712813381316,10.0,10.0
0.863938,0.6463617335113596,0.0030863148188239246,0.23958927171904698,0.760405965600031,10.0,10.0
0.8656833,0.645047460800783,0.0030724605433395916,0.23845698970570606,0.7615382902762595,10.0,10.0
0.86742866,0.6437311076216056,0.0030586617333108607,0.23732698397504493,0.7626683383082151,10.0,10.0
0.86917394,0.6424127787917631,0.0030449191027467236,0.23619934418323052,0.7637960200398531,10.0,10.0
0.8709193,0.6410924285298024,0.0030312317882173465,0.23507403061901333,0.7649213751873564,10.0,10.0
0.87266463,0.6397700107491086,0.0030175989374307557,0.2339510039189837,0.766044443118978,10.0,10.0
0.87441,0.6384456307401685,0.0030040212598330634,0.2328303531854935,0.7671651347324623,10.0,10.0
0.8761553,0.6371191918631316,0.00299049739151004,0.23171199633557893,0.7682835321170994,10.0,10.0
0.8779006,0.6357907997219153,0.002977028038857269,0.2305960221010226,0.7693995465411869,10.0,10.0
0.87964594,0.6344604081665102,0.0029636123621922823,0.22948239117889357,0.7705132173123471,10.0,10.0
0.8813913,0.6331279707451729,0.002950249532590992,0.2283710646166578,0.77162458338772,10.0,10.0
0.8831366,0.6317935935295433,0.002936940251863996,0.22726213058822364,0.7727335565934547,10.0,10.0
0.8848819,0.630457179133831,0.002923683189413462,0.226155507868688,0.7738402181604825,10.0,10.0
0.88662726,0.6291188339398703,0.002910479043990602,0.22505128425869747,0.7749444802882003,10.0,10.0
0.88837254,0.6277785114336308,0.0028973269987037763,0.2239494208666465,0.7760463818726763,10.0,10.0
0.890118,0.6264361648027804,0.002884226247057042,0.2228498791538568,0.7771459614569708,10.0,10.0
0.8918632,0.6250919008920025,0.0028711774832039633,0.22175274635908238,0.7782431318023528,10.0,10.0
0.8936086,0.6237456215783094,0.002858179408638322,0.22065794212168355,0.7793379732752085,10.0,10.0
0.895354,0.6223974340133157,0.002845232714448937,0.21956555330448846,0.78043039901272,10.0,10.0
0.8970992,0.6210472913234799,0.002832336605629553,0.21847554143019177,0.7815204474964401,10.0,10.0
0.8988446,0.6196951463403988,0.002819490297220809,0.2173878683769187,0.7826081568524138,10.0,10.0
0.90058994,0.6183411066736197,0.0028066944757097405,0.21630262044162962,0.7836934407836734,10.0,10.0
0.9023353,0.6169850734716948,0.002793947873515719,0.21521971813408314,0.7847763787859399,10.0,10.0
0.9040805,0.6156271546478104,0.0027812511740612825,0.21413924737267798,0.785856884940796,10.0,10.0
0.9058259,0.6142673029734043,0.002768603603364793,0.2130611700973516,0.7869349973123477,10.0,10.0
0.90757126,0.6129054709285006,0.0027560043971577037,0.2119854486059478,0.788010753606722,10.0,10.0
0.9093165,0.6115417668792628,0.002743454234260629,0.21091216824706516,0.789084068475286,10.0,10.0
0.91106194,0.6101760912545112,0.002730951876914903,0.2098412504069287,0.7901550205370413,10.0,10.0
0.9128072,0.6088085527207343,0.002718498000875506,0.20877278005296784,0.7912235248245149,10.0,10.0
0.91455245,0.60743910369882,0.0027060918523714407,0.20770671954527298,0.7922896189814671,10.0,10.0
0.9162979,0.6060676963216951,0.002693732687025604,0.20664303160428865,0.7933533402912352,10.0,10.0
0.9180432,0.6046944397038281,0.002681421175999466,0.20558180062375564,0.7944146043600208,10.0,10.0
0.91978854,0.6033192335630405,0.002669156110300345,0.20452294887236544,0.7954734889241194,10.0,10.0
0.9215339,0.6019421873107783,0.002656938158034074,0.20346656036011102,0.796529909973472,10.0,10.0
0.92327917,0.6005632530218369,0.0026447665848625024,0.20241259787011268,0.7975839047286272,10.0,10.0
0.9250245,0.5991823824865141,0.0026326406655342283,0.20136102454826577,0.7986355100472928,10.0,10.0
0.92676985,0.5977996855591959,0.0026205610635787087,0.20031192382702856,0.7996846424969324,10.0,10.0
0.9285152,0.5964150612554446,0.0026085265977580296,0.1992652188634918,0.8007313789252151,10.0,10.0
0.9302605,0.5950286197232555,0.0025965379285540894,0.1982209927038171,0.8017756362858938,10.0,10.0
0.9320058,0.5936403126957766,0.002584594340322696,0.19717920855699933,0.8028174513734706,10.0,10.0
0.93375117,0.5922500916251235,0.0025726951262178086,0.19613982999720048,0.8038568606172173,10.0,10.0
0.93549645,0.5908580670971586,0.00256084094216111,0.19510293948924573,0.8048937815522129,10.0,10.0
0.93724185,0.5894641374339242,0.0025490306337109447,0.19406846108448872,0.8059282901316481,10.0,10.0
0.93898714,0.5880684135114941,0.002537264853757739,0.19303647685893865,0.8069603042794118,10.0,10.0
0.9407325,0.5866708467258005,0.0025255429046494113,0.19200695045027527,0.8079898603611576,10.0,10.0
0.9424778,0.585271388195217,0.002513864097256234,0.19097984586371075,0.8090169943749475,10.0,10.0
0.9442231,0.5838701492285753,0.002502229079927551,0.18995524459016022,0.8100416248297553,10.0,10.0
0.94596845,0.5824670274631432,0.0024906367241041886,0.188933071581035,0.8110638267785092,10.0,10.0
0.9477138,0.5810621344945437,0.0024790876751200333,0.18791340793594313,0.8120835191214849,10.0,10.0
0.9494591,0.5796554213859134,0.0024675812526502826,0.1868962177240281,0.8131007377927183,10.0,10.0
0.9512044,0.5782468389263151,0.0024561167846247718,0.18588146538430217,0.8141155183563191,10.0,10.0
0.95294976,0.5768364991389793,0.0024446949118655725,0.18486923142756584,0.8151277803013632,10.0,10.0
0.9546951,0.5754242989851573,0.00243331453081865,0.18385944171101487,0.8161375977747999,10.0,10.0
0.9564405,0.5740103507714288,0.0024219762793068083,0.18285217635168216,0.8171448906594678,10.0,10.0
0.95818573,0.572594605232547,0.0024106794936985423,0.1818473998529192,0.8181496944550486,10.0,10.0
0.9599311,0.5711770128326877,0.002399423518358266,0.18084507709025477,0.8191520442889918,10.0,10.0
0.9616765,0.5697576863008523,0.002388208986629402,0.17984528758824625,0.8201518606366055,10.0,10.0
0.9634218,0.5683365219310434,0.002377034819125225,0.1788479581155289,0.8211492167332147,10.0,10.0
0.96516705,0.5669136327321421,0.0023659016462121607,0.1778531678004618,0.8221440334503219,10.0,10.0
0.9669124,0.5654889691149286,0.0023548088203435937,0.1768608815833156,0.8231363458505506,10.0,10.0
0.9686578,0.5640624812231072,0.002343755701725607,0.17587106477881775,0.8241261886220157,10.0,10.0
0.970403,0.5626342824827648,0.002332742916274623,0.1748837959192283,0.8251134832323135,10.0,10.0
0.9721485,0.5612042685294311,0.0023217694079761876,0.17389900269020875,0.826098301999567,10.0,10.0
0.97389376,0.5597725530655816,0.0023108357997930515,0.17291676322542004,0.8270805667899688,10.0,10.0
0.975639,0.5583390861824248,0.0022999414596874637,0.1719370429047289,0.8280603122264144,10.0,10.0
0.97738445,0.5569038177076072,0.0022890857631395864,0.17095980748471062,0.8290375725550417,10.0,10.0
0.97912973,0.5554668617555545,0.0022782693286998224,0.16998513449934882,0.8300122702417164,10.0,10.0
0.9808751,0.5540281133121181,0.0022674911229591086,0.1690129525568469,0.8309844766818524,10.0,10.0
0.9826204,0.5525876867646017,0.002256751761536695,0.16804333879021915,0.831954114742282,10.0,10.0
0.9843657,0.5511455318890386,0.002246050627356599,0.1670762590215723,0.8329212186035362,10.0,10.0
0.98611104,0.5497015982014266,0.002235387110631692,0.1661116794519435,0.8338858220671681,10.0,10.0
0.9878564,0.5482560004957318,0.002224761822607168,0.16514967661113666,0.8348478486032174,10.0,10.0
0.98960173,0.5468086331169341,0.0022141737517493787,0.16419018003534291,0.8358073686789512,10.0,10.0
0.991347,0.5453596111283422,0.002203623506398774,0.16323326585105724,0.8367643061677162,10.0,10.0
0.99309236,0.5439088839952126,0.0021931104839143186,0.16227890032523518,0.8377186948050758,10.0,10.0
0.9948377,0.5424564009262993,0.0021826340887279023,0.1613270501059566,0.8386705679454239,10.0,10.0
0.996583,0.5410022773862554,0.0021721949248446008,0.16037779071301894,0.8396198500688024,10.0,10.0
0.9983284,0.5395464070880108,0.0021617920019076655,0.1594310526159749,0.8405666107089653,10.0,10.0
1.0000737,0.5380889057620026,0.00215142592104614,0.15848691092900402,0.8415107747515711,10.0,10.0
1.001819,0.5366297225671071,0.002141096093552272,0.15754533236648605,0.842452375484646,10.0,10.0
1.0035644,0.5351688064092402,0.002130801937583636,0.156606284026089,0.8433914458128856,10.0,10.0
1.0053096,0.5337062734148319,0.0021205440499772765,0.1556698404118544,0.8443279112320841,10.0,10.0
1.007055,0.5322420166736023,0.0021103214608820422,0.15473593293199883,0.8452618403371879,10.0,10.0
1.0088004,0.5307761525741893,0.0021001347642842423,0.15380463568266722,0.8461931590318871,10.0,10.0
1.0105456,0.5293086299734818,0.0020899833849328166,0.15287591582820437,0.847121900154136,10.0,10.0
1.012291,0.527839397478962,0.002079866754242905,0.1519497409183771,0.8480480961564261,10.0,10.0
1.0140363,0.5263685718698786,0.002069785461951998,0.15102618443579963,0.848971673555977,10.0,10.0
1.0157815,0.5248961018240377,0.002059738940662169,0.15010521381599895,0.8498926649194993,10.0,10.0
1.017527,0.5234219357719785,0.002049726629524593,0.14918679688119285,0.8508111024269728,10.0,10.0
1.0192723,0.5219461345531278,0.002039748734090802,0.14827097161275093,0.8517269480976362,10.0,10.0
1.0210177,0.5204687592600639,0.0020298054558850454,0.14735777558869156,0.8526401643540922,10.0,10.0
1.022763,0.5189897583342785,0.0020198962377303725,0.14644717660751227,0.8535507834000013,10.0,10.0
1.0245082,0.517509136485812,0.0020100209049268947,0.14553917744439604,0.8544588024615445,10.0,10.0
1.0262536,0.5160268418538204,0.002000178909173813,0.14463374637760518,0.8553642532625597,10.0,10.0
1.0279989,0.514542935607379,0.001990370455490839,0.1437309208543207,0.8562670983564425,10.0,10.0
1.0297443,0.5130574791651009,0.001980595744953372,0.14283073791621181,0.8571673007021122,10.0,10.0
1.0314896,0.511570420677043,0.001970854232777707,0.14193316581769722,0.8580648920472134,10.0,10.0
1.033235,0.5100817648714154,0.0019611457501271207,0.1410382072942139,0.8589598696576104,10.0,10.0
1.0349803,0.5085914596004019,0.0019514697608294263,0.14014583108249024,0.8598522647985832,10.0,10.0
1.0367256,0.5070995663581354,0.0019418264692890417,0.13925607409266816,0.8607420405605362,10.0,10.0
1.038471,0.5056061468846603,0.0019322160760438252,0.1383689728272497,0.8616291604415257,10.0,10.0
1.0402162,0.504111149042999,0.0019226380482931498,0.13748449599899681,0.8625136557307628,10.0,10.0
1.0419616,0.502614577579428,0.001913092222819317,0.13660264630339547,0.8633955237340036,10.0,10.0
1.0437069,0.5011163800635687,0.0019035780751813299,0.1357233929380257,0.8642747952555888,10.0,10.0
1.0454522,0.4996166183099951,0.0018940958090860915,0.1348467722731811,0.865151433925743,10.0,10.0
1.0471976,0.49811535437554405,0.001884645624456084,0.13397282026941948,0.8660254037844386,10.0,10.0
1.0489429,0.49661253584060644,0.00187522700008064,0.13310150610023241,0.866896735660071,10.0,10.0
1.0506881,0.4951081674694086,0.0018658397781297755,0.1322328324209533,0.8677654268984929,10.0,10.0
1.0524335,0.4936021965534267,0.001856483445509174,0.13136676889236354,0.8686315078407599,10.0,10.0
1.054179,0.4920946852230206,0.0018471582051594686,0.13050335134214097,0.8694949426596864,10.0,10.0
1.0559242,0.490585695847157,0.001837864256310125,0.12964261518616182,0.8703556959398997,10.0,10.0
1.0576695,0.48907517572800024,0.0018286010889677555,0.12878453006099977,0.8712137980466313,10.0,10.0
1.0594149,0.4875631296475958,0.0018193685504688589,0.12792909858163581,0.8720692463660333,10.0,10.0
1.0611602,0.48604950462369595,0.0018101661386972015,0.12707629087436767,0.8729220707735653,10.0,10.0
1.0629056,0.4845343630977648,0.0018009940557636402,0.12622614222153095,0.8737722359873595,10.0,10.0
1.0646509,0.4830177677461991,0.001791852500138035,0.1253786874916245,0.8746197071393957,10.0,10.0
1.0663961,0.48149966559735163,0.0017827409726812336,0.12453389678662041,0.8754645141294292,10.0,10.0
1.0681415,0.4799800614509462,0.0017736593256855943,0.12369177268095166,0.8763066543841095,10.0,10.0
1.0698869,0.4784589020554276,0.0017646070676687765,0.12285228576871032,0.8771461573110261,10.0,10.0
1.0716323,0.47693625015866187,0.0017555843998438001,0.1220154707842046,0.8779829881763155,10.0,10.0
1.0733775,0.47541216873974684,0.0017465915198615508,0.12118136204590269,0.8788171126619654,10.0,10.0
1.0751228,0.47388660455764037,0.001737627939093283,0.12034993012345585,0.8796485601999773,10.0,10.0
1.076868,0.4723595624295873,0.0017286935145888092,0.11952117755055469,0.8804773282576953,10.0,10.0
1.0786135,0.4708309888391602,0.0017197877651591014,0.11869507539132984,0.8813034457725981,10.0,10.0
1.0803589,0.46930094683588186,0.0017109108910686936,0.11787165782941778,0.8821268785614725,10.0,10.0
1.0821042,0.4677694996968008,0.001702063089090045,0.11705095863064441,0.8829475928589269,10.0,10.0
1.0838495,0.46623659391590155,0.0016932438807741774,0.11623294883458435,0.8837656176269683,10.0,10.0
1.0855948,0.4647022343277842,0.001684453127738894,0.11541763093399626,0.8845809503738277,10.0,10.0
1.0873401,0.4631663671555828,0.0016756903587661156,0.11460497646525569,0.8853936195646696,10.0,10.0
1.0890855,0.4616290557457113,0.001666955773121435,0.11379501905872591,0.8862035915695341,10.0,10.0
1.0908308,0.46009036366838707,0.0016582495666469855,0.11298779192502062,0.8870108331782216,10.0,10.0
1.0925761,0.4585502371570488,0.0016495712707566637,0.11218326657584643,0.8878153728805394,10.0,10.0
1.0943215,0.4570086810634759,0.001640920751455101,0.11138144546284279,0.8886172082257946,10.0,10.0
1.0960668,0.45546564135480305,0.001632297547186661,0.11058230059680108,0.8894163672046703,10.0,10.0
1.0978122,0.4539211816695439,0.001623701856170566,0.10978586505225141,0.8902128167430209,10.0,10.0
1.0995575,0.45237536586627436,0.0016151338732724725,0.1089921714820673,0.8910065241883678,10.0,10.0
1.1013027,0.45082813992232207,0.001606593139465254,0.10820119187226063,0.8917975175561487,10.0,10.0
1.1030481,0.44927950870646,0.001598079524966596,0.10741292863316687,0.8925857944369338,10.0,10.0
1.1047934,0.44772941793426935,0.0015895925775868207,0.10662735425212744,0.8933713823447931,10.0,10.0
1.1065388,0.44617793153154256,0.0015811324944592935,0.10584450124532252,0.8941542487639137,10.0,10.0
1.1082841,0.44462511364038115,0.0015726994694275427,0.10506440170539966,0.8949343616020251,10.0,10.0
1.1100295,0.4430709099864435,0.0015642930527309338,0.1042870280948126,0.8957117483980614,10.0,10.0
1.1117747,0.44151532545529615,0.0015559131186384276,0.10351238278241093,0.8964864067840401,10.0,10.0
1.11352,0.4399583055154217,0.0015475592240415115,0.10274043873418492,0.8972583637953222,10.0,10.0
1.1152655,0.43839991437504694,0.0015392315649471523,0.10197122790548907,0.898027587476904,10.0,10.0
1.1170107,0.4368402164549377,0.0015309303341397627,0.10120478182630233,0.898794046299167,10.0,10.0
1.118756,0.4352791572335296,0.0015226550908453776,0.10044107343762054,0.8995577673224446,10.0,10.0
1.1205014,0.43371674161298024,0.0015144057132250644,0.09968010506662872,0.9003187482203816,10.0,10.0
1.1222469,0.432152855139521,0.0015061814537575282,0.09892182128790061,0.9010770444201702,10.0,10.0
1.1239921,0.4305877413377732,0.0014979834469559662,0.09816634010991387,0.901832537912253,10.0,10.0
1.1257374,0.42902128586345345,0.0014898109448417925,0.09741360588119796,0.9025852843498605,10.0,10.0
1.1274827,0.4274534936318372,0.0014816638285825353,0.0966636208954802,0.9033352814400669,10.0,10.0
1.129228,0.4258843695614588,0.001473541980082474,0.09591638743810682,0.9040825268983204,10.0,10.0
1.1309735,0.42431379870587255,0.0014654446651955063,0.09517185109099502,0.9048270751443951,10.0,10.0
1.1327188,0.4227420256258816,0.0014573730027526075,0.0944301277231483,0.9055688103082532,10.0,10.0
1.134464,0.4211689354825604,0.0014493262581390274,0.09369116268949729,0.9063077870366499,10.0,10.0
1.1362094,0.4195945332073821,0.001441304316151905,0.09295495824179201,0.9070440030786027,10.0,10.0
1.1379546,0.4180188237350345,0.0014333070622952256,0.09222151662336697,0.907777456191538,10.0,10.0
1.1397,0.41644169163556666,0.0014253337754370052,0.09149078442763126,0.9085081997836671,10.0,10.0
1.1414454,0.41486338248694904,0.0014173855590298688,0.09076287537528782,0.9092361201332962,10.0,10.0
1.1431906,0.4132837809647776,0.0014094616914613277,0.09003773583183361,0.9099612708765432,10.0,10.0
1.1449361,0.4117028920164952,0.0014015620610193463,0.0893153680068719,0.9106836498045403,10.0,10.0
1.1466813,0.41012072059271004,0.0013936865566731597,0.08859577410155595,0.9114032547168633,10.0,10.0
1.1484268,0.4085371507891631,0.0013858344699531613,0.0878789017248568,0.9121201380060932,10.0,10.0
1.150172,0.40695242918190777,0.0013780068892324398,0.08716486244051558,0.9128341881075404,10.0,10.0
1.1519173,0.40536643997024857,0.0013702031055516095,0.08645360362868326,0.9135454576426009,10.0,10.0
1.1536626,0.40377918811735963,0.00136242301055842,0.0857451274566492,0.9142539444446903,10.0,10.0
1.155408,0.4021906785895319,0.0013546664965573172,0.08503943608321973,0.9149596463557008,10.0,10.0
1.1571534,0.4006007950174158,0.0013469328674040174,0.08433647813692058,0.9156626147485933,10.0,10.0
1.1588987,0.3990097849559973,0.0013392231966817554,0.08363636301603372,0.916362740224179,10.0,10.0
1.160644,0.3974175321374977,0.0013315367877485818,0.0829390391193745,0.917060074385124,10.0,10.0
1.1623893,0.39582404154057815,0.001323873535486436,0.08224450857175436,0.9177546151072927,10.0,10.0
1.1641345,0.3942293181469675,0.0013162333354102935,0.08155277348947021,0.918446360275058,10.0,10.0
1.16588,0.3926332451314634,0.0013086155033776373,0.08086378352451706,0.9191353602378485,10.0,10.0
1.1676253,0.3910360710087702,0.001301021098462946,0.08017764590138587,0.9198215077703067,10.0,10.0
1.1693707,0.38943767905325516,0.0012934494360187611,0.0794943100414881,0.9205048534524403,10.0,10.0
1.171116,0.38783807425881567,0.0012859004140418346,0.07881377802699763,0.9211853952027232,10.0,10.0
1.1728612,0.3862372616223657,0.0012783739311384072,0.07813605193154172,0.9218631309481705,10.0,10.0
1.1746067,0.38463512387211585,0.001270869314851389,0.07746108243442207,0.9225381100108442,10.0,10.0
1.176352,0.38303191046319984,0.0012633876100285762,0.07678897457817102,0.923210227347384,10.0,10.0
1.1780972,0.3814275042213894,0.0012559281437004674,0.07611967881065118,0.9238795325112867,10.0,10.0
1.1798426,0.37982191015555977,0.0012484908168645824,0.07545319717124155,0.9245460234637948,10.0,10.0
1.1815879,0.37821513327754946,0.001241075531105604,0.07478953169074332,0.9252096981747232,10.0,10.0
1.1833333,0.37660705587826704,0.0012336816253493053,0.07412863407952297,0.925870604935011,10.0,10.0
1.1850786,0.3749979283339295,0.0012263101304860135,0.07347060719015408,0.9265286408912952,10.0,10.0
1.186824,0.37338763303098904,0.001218960384922926,0.0728154025007266,0.9271838545667874,10.0,10.0
1.1885692,0.3717761749930339,0.0012116322925489783,0.07216302200767033,0.9278362439656541,10.0,10.0
1.1903145,0.3701635592465623,0.0012043257578184703,0.07151346769880673,0.9284858071006649,10.0,10.0
1.19206,0.36854966765448804,0.0011970401307466645,0.07086669231924769,0.9291325912279583,10.0,10.0
1.1938052,0.3669347514947,0.0011897764285321358,0.07022279652377361,0.9297764956920009,10.0,10.0
1.1955506,0.3653186927236303,0.0011825340006669616,0.06958173282439961,0.9304175679820246,10.0,10.0
1.1972959,0.3637014963793095,0.0011753127538261948,0.06894350317445541,0.9310558061452714,10.0,10.0
1.1990411,0.3620831675026253,0.001168112595229066,0.06830810951863298,0.9316912082376168,10.0,10.0
1.2007866,0.3604635875378221,0.0011609328857004211,0.06767550564038982,0.9323238204768005,10.0,10.0
1.2025319,0.3588430086449925,0.0011537746290029968,0.06704578998904753,0.9329535444127837,10.0,10.0
1.2042772,0.3572213123598685,0.0011466371854318728,0.06641891611416473,0.9335804264972017,10.0,10.0
1.2060225,0.355598503734646,0.0011395204643491143,0.06579488592582339,0.9342044648205216,10.0,10.0
1.2077678,0.3539745878243238,0.0011324243756402764,0.06517370132543898,0.9348256574818722,10.0,10.0
1.2095133,0.3523494456638288,0.0011253482906649092,0.06455531713833684,0.9354440496570751,10.0,10.0
1.2112585,0.3507233302759257,0.0011182932000027425,0.06393982960088118,0.9360595451090827,10.0,10.0
1.2130039,0.3490961227849863,0.0011112584744811438,0.06332719330371328,0.9366721892483976,10.0,10.0
1.2147491,0.3474678282570929,0.0011042440260515566,0.06271741011352361,0.937281980208856,10.0,10.0
1.2164944,0.345838451761071,0.00109724976717081,0.062110481888307256,0.9378889161329858,10.0,10.0
1.2182399,0.34420787393190166,0.0010902750794705236,0.06150636449869984,0.9384930411512491,10.0,10.0
1.2199852,0.34257634863542985,0.0010833209405933376,0.060905151960777615,0.9390942612469201,10.0,10.0
1.2217306,0.3409437565940334,0.0010763867316353857,0.06030679990972587,0.9396926207859083,10.0,10.0
1.2234758,0.339310102887392,0.00106947236704552,0.05971131016870168,0.9402881179455629,10.0,10.0
1.225221,0.33767539259786966,0.0010625777617622346,0.05911868455213953,0.9408807509119512,10.0,10.0
1.2269665,0.33603950596989524,0.001055702307432056,0.05852887997934764,0.9414705627668161,10.0,10.0
1.2287118,0.33440269769274417,0.0010488469690032583,0.05794198823895447,0.9420574617209121,10.0,10.0
1.2304572,0.3327648480961852,0.001042011137585965,0.05735796601406895,0.9426414910921783,10.0,10.0
1.2322025,0.3311259622732032,0.0010351947300386904,0.0567768150841772,0.9432226491016147,10.0,10.0
1.2339478,0.32948604531940995,0.0010283976636920392,0.05619853722001611,0.9438009339789667,10.0,10.0
1.2356932,0.3278449770980895,0.0010216193399652765,0.055623090392849184,0.9443763877539768,10.0,10.0
1.2374386,0.3262030131022494,0.0010148607113428438,0.05505056415686549,0.9449489208718702,10.0,10.0
1.2391838,0.3245600332784511,0.0010081211787056315,0.054480916246398725,0.9455185755993167,10.0,10.0
1.2409291,0.32291604273268937,0.0010014006612370657,0.053914148397129824,0.9460853502011023,10.0,10.0
1.2426745,0.3212710465735232,0.0009946990785770291,0.053350262335963405,0.9466492429507858,10.0,10.0
1.2444198,0.3196249242925279,0.0009880158416766898,0.05278921708932094,0.9472102948229083,10.0,10.0
1.2461652,0.31797793216667924,0.000981351890791133,0.052231099970131756,0.9477684185039855,10.0,10.0
1.2479105,0.3163299497687636,0.0009747066363284596,0.05167586976717442,0.9483236552061993,10.0,10.0
1.2496557,0.31468098221748,0.0009680799997192275,0.051123528172193455,0.9488760032382538,10.0,10.0
1.2514011,0.31303103463403065,0.0009614719028336524,0.050574076868130535,0.9494254609176527,10.0,10.0
1.2531465,0.31137998614773815,0.0009548817659219107,0.05002747593968737,0.9499720681606152,10.0,10.0
1.2548918,0.3097280937997333,0.0009483105172331574,0.0494838104518831,0.9505157399015972,10.0,10.0
1.2566371,0.30807523679846993,0.0009417575764775281,0.04894304025108176,0.9510565162951535,10.0,10.0
1.2583824,0.3064214202750473,0.0009352228672516855,0.04840516698496278,0.9515943956940359,10.0,10.0
1.2601277,0.30476664936300596,0.0009287063135783984,0.04787019229237799,0.9521293764598205,10.0,10.0
1.2618731,0.30311080283888286,0.0009222073447873425,0.04733807731935091,0.9526614974473653,10.0,10.0
1.2636185,0.3014541384881027,0.0009157268773386964,0.04680890487651124,0.953190675845544,10.0,10.0
1.2653637,0.29979653516425286,0.0009092643400204293,0.04628263587086767,0.9537169507482268,10.0,10.0
1.267109,0.29813799801051966,0.0009028196585240539,0.04575927190591045,0.9542403205523385,10.0,10.0
1.2688544,0.2964785321724718,0.0008963927589501676,0.045238814576277986,0.9547607836636521,10.0,10.0
1.2705998,0.2948180160833523,0.0008899830794907128,0.04472122609227491,0.9552783778727058,10.0,10.0
1.2723451,0.29315670825296225,0.0008835915250340137,0.04420658700383495,0.9557930226290973,10.0,10.0
1.2740904,0.29149448718950766,0.0008772175332291397,0.043694859281590226,0.9563047559630354,10.0,10.0
1.2758356,0.2898313580479489,0.0008708610317904784,0.04318604448472041,0.9568135763157394,10.0,10.0
1.277581,0.2881673259855667,0.0008645219488252294,0.042680144163528944,0.9573194821373012,10.0,10.0
1.2793264,0.2865022691018188,0.0008581997311809216,0.04217712159548237,0.9578225101510606,10.0,10.0
1.2810718,0.2848364466109192,0.000851895272380538,0.041677055063682356,0.9583225820734743,10.0,10.0
1.2828171,0.28316973668519585,0.0008456080187266799,0.04117990760528234,0.958819734868193,10.0,10.0
1.2845623,0.2815021444910646,0.0008393378998882436,0.040685680735033536,0.9593139670208494,10.0,10.0
1.2863076,0.27983367519719526,0.0008330848459141916,0.040194375958787165,0.9598052770259724,10.0,10.0
1.288053,0.2781642065787931,0.0008268483121003759,0.039705957623969224,0.9602937005369068,10.0,10.0
1.2897984,0.27649399853446976,0.0008206291808114521,0.039220501740887426,0.9607791615429296,10.0,10.0
1.2915437,0.2748229289101958,0.000814426906803398,0.03873797241603283,0.9612616959383189,10.0,10.0
1.2932891,0.27315100288352284,0.0008082414216299756,0.03825837111961328,0.9617413022532356,10.0,10.0
1.2950343,0.2714782256341866,0.0008020726572177656,0.03778169931291375,0.9622179790267608,10.0,10.0
1.2967798,0.26980447462268214,0.0007959200771171745,0.03730792241603631,0.962691760839529,10.0,10.0
1.2985251,0.2681300104119615,0.0007897845527333525,0.036837114160705675,0.9631625739594258,10.0,10.0
1.3002703,0.26645471053117986,0.0007836655470770824,0.036369239725485,0.963630453208623,10.0,10.0
1.3020155,0.26477858016869216,0.0007775629935302328,0.03590430053592719,0.9640953971619226,10.0,10.0
1.303761,0.2631016245149791,0.0007714768258292752,0.035442298008641404,0.9645574044030679,10.0,10.0
1.3055063,0.26142372072538606,0.0007654065155906511,0.03498319863903965,0.9650165084373504,10.0,10.0
1.3072517,0.2597451300071003,0.0007593529234566057,0.03452707387464782,0.9654726378168794,10.0,10.0
1.308997,0.25806572958201895,0.0007533155205017909,0.03407388996875471,0.9659258262890683,10.0,10.0
1.3107423,0.25638552464897396,0.0007472942418739807,0.03362364830215059,0.9663760724734685,10.0,10.0
1.3124875,0.25470452040885533,0.0007412890230634453,0.033176350246660435,0.9668233749985939,10.0,10.0
1.314233,0.2530225937214416,0.0007352993435668625,0.03273196337556006,0.9672677662918411,10.0,10.0
1.3159783,0.25134000641800724,0.000729326053452398,0.03229055684673454,0.967709177194984,10.0,10.0
1.3177236,0.2496566354227628,0.0007233686316786886,0.03185209799076938,0.9681476403781077,10.0,10.0
1.319469,0.24797248594468654,0.0007174270150982124,0.0314165881435875,0.9685831545056184,10.0,10.0
1.3212142,0.24628756319474338,0.0007115011408989181,0.030984028632126237,0.9690157182509049,10.0,10.0
1.3229597,0.2446017437467421,0.000705590496277586,0.030554388109995667,0.9694453629609991,10.0,10.0
1.324705,0.24291529003585027,0.0006996959209180717,0.0301277334401725,0.9698720217726067,10.0,10.0
1.3264502,0.2412280786981865,0.0006938169014813916,0.029704033033028154,0.9702957262759965,10.0,10.0
1.3281956,0.23954011495253502,0.0006879533764723287,0.02928328817951731,0.9707164751805306,10.0,10.0
1.3299409,0.23785140401960342,0.0006821052847176412,0.028865500161589064,0.9711342672045742,10.0,10.0
1.3316863,0.2361618221968389,0.0006762721209432139,0.028450638715575627,0.9715491326124075,10.0,10.0
1.3334316,0.23447163250307262,0.0006704547146300589,0.028038768404453407,0.9719610068407591,10.0,10.0
1.335177,0.2327807112959353,0.0006646525599701578,0.02762985872078627,0.9723699203976766,10.0,10.0
1.3369222,0.23108906380368066,0.0006588655970652004,0.027223910910462723,0.9727758720375762,10.0,10.0
1.3386675,0.22939669525641704,0.0006530937663292716,0.026820926210346818,0.9731788605238967,10.0,10.0
1.340413,0.22770348168485707,0.0006473365698491953,0.02642087544179883,0.9735789150358619,10.0,10.0
1.3421582,0.2260096866712254,0.0006415948270806082,0.026023820862877023,0.9739759733151407,10.0,10.0
1.3439035,0.22431518630428568,0.0006358680395792352,0.025629733050662407,0.9743700647852352,10.0,10.0
1.3456489,0.22261998582141995,0.0006301561489922184,0.025238613205882943,0.9747611882457112,10.0,10.0
1.3473941,0.22092409046179368,0.0006244590972698201,0.024850462520223826,0.975149342505175,10.0,10.0
1.3491396,0.21922737599902756,0.0006187763936968576,0.02446525290229662,0.9755345556555723,10.0,10.0
1.3508849,0.21753010655842792,0.0006131088478792,0.02408304430049968,0.975916767748253,10.0,10.0
1.3526301,0.21583215796953076,0.0006074559685721489,0.023703808378672697,0.9762960071199334,10.0,10.0
1.3543756,0.21413353547850006,0.0006018176989193147,0.02332754629229239,0.9766722726154199,10.0,10.0
1.3561208,0.21243424433321348,0.0005961939823579868,0.022954259187774384,0.9770455630885775,10.0,10.0
1.3578663,0.21073416005985704,0.0005905843352118357,0.022583920063122265,0.977415905541934,10.0,10.0
1.3596115,0.20903354730646956,0.0005849895574094602,0.022216586552508466,0.9777832423410858,10.0,10.0
1.3613569,0.20733228165301298,0.0005794091647464584,0.021852231408690304,0.9781476007338056,10.0,10.0
1.3631021,0.2056303683540832,0.0005738431018169525,0.021490855741805204,0.9785089796102284,10.0,10.0
1.3648474,0.20392781266592444,0.000568291313496387,0.02113246065291341,0.9788673778695651,10.0,10.0
1.3665929,0.2022244898769547,0.000562753322995725,0.020777020231467103,0.9792228214228691,10.0,10.0
1.3683382,0.20052066513756792,0.0005572299207298789,0.020424589793022974,0.9795752549543727,10.0,10.0
1.3700836,0.19881621378781272,0.0005517206293846828,0.02007514318133241,0.9799247046208296,10.0,10.0
1.3718288,0.19711114109036923,0.0005462253949572592,0.01972868146110973,0.9802711693577881,10.0,10.0
1.373574,0.19540545230949682,0.0005407441637166943,0.019385205687975415,0.9806146481098886,10.0,10.0
1.3753195,0.19369902250552914,0.0005352764656106004,0.019044691044804885,0.9809551656947375,10.0,10.0
1.3770648,0.1919921173107969,0.0005298230817062584,0.018707190524326234,0.9812926691194149,10.0,10.0
1.3788102,0.19028461183511544,0.000524383541429484,0.01837267906327733,0.981627183447664,10.0,10.0
1.3805555,0.18857651134889855,0.000518957792135026,0.01804115768086889,0.9819587076605271,10.0,10.0
1.3823007,0.18686782112406483,0.0005135457814433488,0.017712627387201696,0.9822872407481548,10.0,10.0
1.3840462,0.18515841600255847,0.0005081470458950957,0.017387064460465673,0.9826128064328159,10.0,10.0
1.3857915,0.18344856207820145,0.0005027623573669466,0.01706451956652344,0.9829353540484747,10.0,10.0
1.3875368,0.18173813424026553,0.0004973912518819134,0.016744968737009036,0.9832549075639546,10.0,10.0
1.3892821,0.18002713776654275,0.0004920336781099685,0.01642841294555264,0.9835714660058699,10.0,10.0
1.3910275,0.17831557793625596,0.00048668958498041383,0.016114853156658726,0.9838850284099582,10.0,10.0
1.3927728,0.1766033293826687,0.00048135851548541535,0.01580426674563873,0.9841956174013443,10.0,10.0
1.3945181,0.17489065864061148,0.0004760412324698877,0.015496702047631317,0.9845031846447347,10.0,10.0
1.3962635,0.17317744038851932,0.0004707372784110867,0.015192136190993244,0.984807753012208,10.0,10.0
1.3980087,0.17146367991120198,0.0004654466032557496,0.014890570103699208,0.9851093215760247,10.0,10.0
1.399754,0.16974938249483237,0.0004601691571995021,0.014592004704585437,0.9854078894175824,10.0,10.0
1.4014995,0.1680344225737091,0.0004549044895509116,0.014296418467808047,0.9857034780631393,10.0,10.0
1.4032447,0.16631906710316555,0.00044965335427391,0.014003857394100372,0.985996041511825,10.0,10.0
1.4049901,0.16460319056051156,0.0004444153001662646,0.013714299710284261,0.9862856015372313,10.0,10.0
1.4067354,0.16288679823721844,0.000439190278409769,0.013427746298609433,0.9865721572573356,10.0,10.0
1.4084806,0.16116989542604673,0.00043397824042930175,0.013144198032173371,0.9868557077992657,10.0,10.0
1.4102261,0.15945235637206137,0.00042877874171546064,0.012863634485617448,0.9871362735887736,10.0,10.0
1.4119714,0.1577344484305602,0.00042359252750314347,0.012586099321766131,0.9874138109629151,10.0,10.0
1.4137167,0.1560160458874547,0.0004184191527762019,0.012311571867564708,0.9876883405951378,10.0,10.0
1.415462,0.15429715404051553,0.00041325856991519274,0.012040052959471637,0.9879598616492019,10.0,10.0
1.4172074,0.15257777818873156,0.0004081107315338444,0.01177154342477904,0.9882283732980329,10.0,10.0
1.4189528,0.1508577923976708,0.0004029751991791604,0.011506023940170418,0.9884938948653207,10.0,10.0
1.420698,0.14913746440203393,0.0003978527095003453,0.01124353582723503,0.9887563850293726,10.0,10.0
1.4224433,0.14741666830607025,0.00039274282354051656,0.01098405951461745,0.9890158633619168,10.0,10.0
1.4241887,0.14569540941348694,0.0003876454948405351,0.010727595792920819,0.9892723290725616,10.0,10.0
1.425934,0.14397369302913446,0.0003825606771703233,0.010474145443569838,0.9895257813800916,10.0,10.0
1.4276794,0.1422513930488361,0.00037748793800466713,0.01022369024676184,0.989776238504664,10.0,10.0
1.4294248,0.14052877756610485,0.0003724280055528344,0.009976269179703956,0.990023661468984,10.0,10.0
1.43117,0.1388057205132753,0.0003673804467903901,0.009731863774231075,0.9902680687415703,10.0,10.0
1.4329154,0.1370822271996249,0.00036234521638426047,0.009490474775031177,0.9905094595779388,10.0,10.0
1.4346607,0.13535830293550238,0.00035732226922363013,0.009252102917602367,0.9907478332427936,10.0,10.0
1.4364061,0.13363382145674302,0.00035231117859096895,0.009016731087044039,0.9909832068513708,10.0,10.0
1.4381514,0.13190905119505997,0.00034731266439583854,0.008784395913212673,0.9912155437737421,10.0,10.0
1.4398967,0.13018386592062853,0.0003423262994231817,0.008555080032540241,0.9914448613738104,10.0,10.0
1.4416419,0.12845827094792972,0.00033735203943358435,0.008328784143743162,0.9916711589530559,10.0,10.0
1.4433874,0.12673227159244174,0.000332389840402171,0.008105508936337658,0.9918944358221579,10.0,10.0
1.4451327,0.12500574143977913,0.000327439281299747,0.007885238401628913,0.9921147079901282,10.0,10.0
1.4468781,0.12327894923922232,0.00032250107387239946,0.007668006819332551,0.9923319411771948,10.0,10.0
1.4486233,0.12155176860854923,0.000317574796598266,0.0074537979318010095,0.992546151641322,10.0,10.0
1.4503686,0.11982420486707732,0.0003126604062971315,0.007242612391726411,0.9927573387300076,10.0,10.0
1.4521139,0.11809626333504411,0.0003077578599987934,0.007034450842590023,0.9929655017999587,10.0,10.0
1.4538593,0.11636781745761958,0.0003028667422446817,0.0068292983831231835,0.993170655752744,10.0,10.0
1.4556047,0.11463913628099441,0.0002979877567551684,0.006627186940289853,0.9933727686613576,10.0,10.0
1.45735,0.11291009328032202,0.0002931204875845976,0.006428101363601502,0.9935718556765875,10.0,10.0
1.4590952,0.11118069377938503,0.00028826489258118566,0.006232042259676218,0.9937679161919988,10.0,10.0
1.4608405,0.10945094310281214,0.00028342092979571974,0.006039010225912134,0.9939609496103753,10.0,10.0
1.4625859,0.10772071456510618,0.0002785881892331796,0.0058489914696020495,0.9941509697247076,10.0,10.0
1.4643314,0.10599027748869748,0.0002737673667145408,0.0056620155625261015,0.9943379469631877,10.0,10.0
1.4660766,0.10425950521589246,0.0002689580517610016,0.005478068462509311,0.9945218953682733,10.0,10.0
1.467822,0.10252840307456719,0.0002641602032180815,0.005297150730049882,0.994702814379643,10.0,10.0
1.4695672,0.1007969763933701,0.00025937378012798405,0.005119262916417733,0.9948807034462028,10.0,10.0
1.4713126,0.0990650983659246,0.00025459837784880376,0.0049443923385177335,0.9950555752513147,10.0,10.0
1.4730579,0.09733303857020775,0.0002498346844329922,0.004772566210694218,0.9952274025806206,10.0,10.0
1.4748033,0.09560067022546734,0.00024508229475672286,0.0046037716001552376,0.9953961983671787,10.0,10.0
1.4765486,0.0938679986632978,0.00024034116863554995,0.004438009021237255,0.9955619620968237,10.0,10.0
1.4782939,0.09213502921599286,0.00023561126607415844,0.004275278979039787,0.9957246932646255,10.0,10.0
1.4800394,0.09040163496609212,0.00023089218767623836,0.004115569901046334,0.9958844034433522,10.0,10.0
1.4817846,0.08866808572641201,0.00022618461385167488,0.003958906642092419,0.9960410677781675,10.0,10.0
1.4835298,0.08693425460293021,0.00022148814472792947,0.003805277379755001,0.9961946980917455,10.0,10.0
1.4852753,0.08520014693058711,0.00021680274106043436,0.0036546825821697215,0.9963452939161158,10.0,10.0
1.4870205,0.0834657680449479,0.00021212836378764358,0.0035071227082269507,0.9964928547925515,10.0,10.0
1.488766,0.08173099092726563,0.00020746461865701568,0.0033625872968715553,0.9966373911823442,10.0,10.0
1.4905112,0.07999608560447252,0.00020281217855927245,0.0032210988415366515,0.9967788805920733,10.0,10.0
1.4922565,0.0782609250790761,0.00019817064876889278,0.0030826466310688305,0.996917333733128,10.0,10.0
1.4940017,0.07652551468898615,0.00019353999095336307,0.0029472310873671637,0.9970527501837686,10.0,10.0
1.4957472,0.07478985977266166,0.0001889201669589706,0.0028148526230793447,0.9971851295315057,10.0,10.0
1.4974927,0.07305383321987337,0.00018431078757614308,0.0026855018894076377,0.997314481125359,10.0,10.0
1.4992379,0.0713177052509344,0.00017971251829648185,0.0025591990166695666,0.9974407848350357,10.0,10.0
1.5009831,0.06958134877468333,0.00017512496944212778,0.002435934405798257,0.9975640502598242,10.0,10.0
1.5027285,0.06784476913162253,0.00017054810356518618,0.002315708432423902,0.9976842770242482,10.0,10.0
1.5044739,0.06610797166272595,0.00016598188339520255,0.002198521462919989,0.9978014647620871,10.0,10.0
1.5062193,0.06437082917609159,0.0001614259246653853,0.0020843652614591646,0.9979156217093762,10.0,10.0
1.5079646,0.06263361206466485,0.00015688088558892462,0.0019732575937098096,0.9980267301004839,10.0,10.0
1.5097098,0.06089619315342197,0.00015234638143493508,0.0018651899734229982,0.9981347984218669,10.0,10.0
1.511455,0.05915857778507874,0.00014782237561748182,0.0017601627299319578,0.9982398263443406,10.0,10.0
1.5132004,0.05742077130274644,0.00014330883172243323,0.001658176183307991,0.9983418135479813,10.0,10.0
1.5149459,0.05568264644266097,0.000138805370330977,0.0015592232113217364,0.9984407671552128,10.0,10.0
1.5166912,0.05394447374964244,0.00013431264249277007,0.0014633192136396245,0.9985366717664174,10.0,10.0
1.5184366,0.05220612597461373,0.0001298302683302379,0.0013704568174768283,0.9986295347545738,10.0,10.0
1.5201818,0.050467608462123316,0.0001253582120953302,0.0012806363058449621,0.9987193558368144,10.0,10.0
1.521927,0.04872892655704463,0.0001208964382015535,0.0011938579524890525,0.9988061347395365,10.0,10.0
1.5236725,0.046989952933559925,0.00011644457198990988,0.0011101157493209612,0.9988898774710099,10.0,10.0
1.5254178,0.045250958267600956,0.00011200325745740254,0.0010294227288313307,0.9989705709988038,10.0,10.0
1.5271631,0.04351181524584737,0.00010757211948885385,0.0009517726322617603,0.9990482215818578,10.0,10.0
1.5289085,0.04177252921430429,0.00010315112314591321,0.0008771656962809349,0.9991228289836419,10.0,10.0
1.5306537,0.040033105519219674,9.874023365250877e-05,0.0008056021482870657,0.999194392976896,10.0,10.0
1.5323992,0.03829341678254393,9.433908101368379e-05,0.0007370770947907612,0.9992629184552781,10.0,10.0
1.5341444,0.03655373379054194,8.99483022893599e-05,0.0006716012001144467,0.9993283947545369,10.0,10.0
1.5358899,0.034813929175470236,8.556752703084421e-05,0.0006091693200033221,0.9993908270190958,10.0,10.0
1.5376351,0.03307400828440303,8.119672109251931e-05,0.0005497816447652681,0.999450215058781,10.0,10.0
1.5393804,0.03133397646458595,7.683585048182737e-05,0.0004934383554341393,0.9995065586926919,10.0,10.0
1.5411258,0.02959370629555037,7.248454978199283e-05,0.0004401356734925477,0.9995598616995024,10.0,10.0
1.5428711,0.027853468653119804,6.814344922151462e-05,0.0003898818942829063,0.9996101157839522,10.0,10.0
1.5446163,0.026113136124938315,6.381218293482377e-05,0.0003426729884453694,0.9996573249755573,10.0,10.0
1.5463618,0.02437271405877216,5.9490717542183976e-05,0.0002985090999128026,0.9997014891305145,10.0,10.0
1.548107,0.022632207802478682,5.517901981500248e-05,0.000257390363341492,0.9997426081142964,10.0,10.0
1.5498525,0.020891489902988534,5.087672882793631e-05,0.0002193141154743783,0.9997806845903048,10.0,10.0
1.5515977,0.019150831304900855,4.658446808596978e-05,0.00018428628204092412,0.9998157126329027,10.0,10.0
1.553343,0.017410104561065218,4.230187621815993e-05,0.00015230394888432475,0.9998476951563913,10.0,10.0
1.5550883,0.015669315019553896,3.802892059240766e-05,0.00012336721355143965,0.9998766320633491,10.0,10.0
1.5568337,0.01392846802845405,3.3765568721231844e-05,9.747616431099448e-05,0.9999025232656321,10.0,10.0
1.5585792,0.012187436111914588,2.951146408575073e-05,7.462925336931825e-05,0.9999253703111673,10.0,10.0
1.5603244,0.010446490262521722,2.52672235734539e-05,5.483003639139561e-05,0.9999451696443923,10.0,10.0
1.5620697,0.008705503008148483,2.1032490225413274e-05,3.8076714645840504e-05,0.9999619230641713,10.0,10.0
1.563815,0.006964479696789841,1.680723213370265e-05,2.4369339286178793e-05,0.9999756305194722,10.0,10.0
1.5655605,0.005223425676378008,1.2591417533236638e-05,1.3707952187025363e-05,0.999986291968541,10.0,10.0
1.5673058,0.00348221345809703,8.38469422942789e-06,6.092121136114237e-06,0.9999939078437123,10.0,10.0
1.5690511,0.0017411140617329753,4.187672595153299e-06,1.5230314633907227e-06,0.9999984769597683,10.0,10.0
1.5707964,1.3314667494145642e-16,1.943790148988241e-16,0.0,1.0,10.0,10.0
